,co2_forcing_2023,effective_f2x
2786,2.0890390952751563,3.5825216825441926
2901,2.367089025160166,4.006992476684089
5004,2.5161927068562244,4.250952166116576
5038,2.1905939107464287,3.720599419849564
5346,2.247474535679059,3.9738163704352796
6016,2.313726158699814,3.9679926739949836
6120,2.2895319107393814,3.9227708086165882
9563,2.4853096056668993,4.13821437512008
9581,2.626177580356918,4.378948389374583
9877,2.617953519704496,4.247026653062347
13194,2.2364674468395798,3.759644446573126
13585,2.213334946606291,3.716057469352673
13769,2.601225350847334,4.5667132093894445
15776,2.2371567724822605,3.828596296005717
19468,2.387487325246282,4.1439270226264995
22019,2.305088984779859,3.9333841963137335
22567,2.5083657984680436,4.337343249510382
24094,2.5780022645044056,4.417986513209193
25818,2.5098276839297378,4.257894122111947
26647,2.467530106586125,4.028760126107305
29956,2.32440311449545,3.9844235998189763
30535,2.5935422946730853,4.371257619538799
33039,2.1180792799996246,3.7059995495930433
34871,2.7126834643372737,4.567002649368767
36954,2.1723160148596286,3.7185442988246282
38247,2.182995799519431,3.7063610524340795
41330,2.2645356762050572,3.881169117852404
42646,2.3816218644183906,4.155636914296428
42785,2.562739310064504,4.238897228857636
43322,2.29989982542391,4.012284488825862
44325,2.540752927503286,4.275344097688852
44652,2.2494660849765986,3.8771953102578904
50056,2.3359819548074134,3.9783694992528758
51743,2.0190216648171875,3.455059910603411
56868,2.158148281682975,3.666862148922789
57077,2.0736244795513215,3.5630055464928705
57705,2.1860714169656497,3.7932124229461692
58900,2.4638366022255944,4.149122121839609
64361,2.4694188934628496,4.095326431395464
64612,2.20522955745267,3.6867488861976248
64903,2.6323701128287524,4.420620840111918
64985,2.113419323771235,3.596717153766601
67694,2.344089015652109,3.9061553807261156
68986,2.438858709480016,4.045726608545877
69541,2.2043925014668866,3.8249617793129067
69979,2.2249808011681527,3.704531397499436
70325,2.6613147237578145,4.617167820019243
72139,2.2909105018805107,3.852434078926638
72520,2.611997055978118,4.4246850071987645
73922,2.2892734834959403,3.813104111204674
75033,2.327638705901827,3.733805167534758
76914,2.205717762296309,3.7785861784882586
77258,2.3105547223393805,3.9900107347507174
77427,2.320775792196837,4.04260023771746
79370,2.3421989998746504,4.008571217527023
80563,2.377633524835078,4.109338898944243
81278,2.216845759336668,3.7645100892288212
81592,2.534849629435063,4.330413227765581
81643,2.4133217365128954,4.119989478477403
85666,2.5360316625884107,4.140133147415778
89496,2.466759472142803,4.1331958163002875
89842,2.243688438134706,3.8188833857959503
90327,2.2074289428874287,3.795137545252919
92069,2.3045174626418534,3.8527130508647227
92864,2.313829284662853,3.8947604521613313
95235,2.086676696968697,3.5338778601146172
95869,2.3544117573073473,4.166725654718664
96826,2.498188993718585,4.23943669028904
97396,2.4388163888744474,4.128448232138796
98202,2.3428109151344954,4.021440752090622
99476,2.1193023093694494,3.608105018040026
101793,2.4690615868741497,4.117227455582516
106903,2.23711712926801,3.852347911873556
107117,2.2387956842359467,3.797600251069409
112839,2.2661392808690355,3.8760606573853775
113685,2.262293276615007,3.9020887851284107
113888,2.1217979001472673,3.7625792866084247
118835,2.1831990751058896,3.7104565179496873
119039,2.358103538246523,4.073212987893357
119139,2.311631443570012,3.926503075502243
119893,2.026932776550734,3.4240788769893467
120965,2.5215013533386466,4.204987736194214
121182,2.1487678848378944,3.6964403413731515
121795,2.322833120061468,3.9145896126009405
121884,2.1811982381858677,3.696344314802572
123143,2.0993991521776927,3.607324636253698
125469,2.177175363272601,3.739513670712632
127215,2.2985203411572273,3.9062580607441024
128486,2.101349545303256,3.5697956303966696
129818,2.3209546963341228,3.987290164132671
130496,2.400273777111538,4.069385923978019
132384,2.485437114172603,4.102823662855488
134380,2.375388402043847,3.9409595284563412
134950,2.365748851335441,4.099970582980375
139975,2.168568801472474,3.5948542486683546
140404,2.3549970059827077,3.9684592157934264
140668,2.4089124895508878,3.95618996285395
141139,2.2930741849623497,4.005966204599538
141353,2.2937053177777917,3.976268716759578
142364,2.2226396262579247,3.7281652516512054
145453,2.284734541450797,3.7703878160343143
148002,2.3220816059975653,3.9230918394804504
148401,2.4007437701488272,4.197975997360158
149343,2.255224427904607,3.865695010946976
149569,2.249577439491302,3.892069722125505
151295,2.381884866847273,4.069362477748108
152689,2.204263551432203,3.6219407477514554
154985,2.1153832334427727,3.6982885666383947
156501,2.397664129591638,4.198418864851565
157828,2.488740367937874,4.3000530070301775
158489,2.4045098381690773,4.101222765080527
158660,2.262366886836928,3.7650629473262
161775,2.2835916061711243,3.863300197009712
163837,2.205430844963286,3.8241371953361427
167743,2.3370025133566052,4.008158737243668
167904,2.2498347103272405,3.8884392825288
169111,2.4995296878464,4.0799266290770415
172703,2.103893056015269,3.5808394182492984
174227,2.1658873653166038,3.891776338778817
174262,2.2638906240596897,3.7780847401555406
176865,2.4715647742886637,4.1077868530194115
183750,2.477066721002393,4.297297050628667
188286,2.447948414258245,4.250234801995977
189506,2.1715252919602506,3.621138226449398
190269,2.2221544224637215,3.7733940475194054
195129,2.170325128002259,3.632925758493959
195453,2.3259681950451983,4.01601125637747
199945,2.1071542218759087,3.751590151705126
200780,2.5221202694640077,4.2189471813954516
205068,2.4245478275154486,4.003328168881317
207641,2.1207074458367052,3.593374248825427
208398,2.614110369902683,4.2593430328437405
208882,2.1758215032874504,3.790286666099065
209601,2.2083622914021928,3.7938468914517
209931,2.3243432902070977,3.9657773761934756
212953,2.7116103497954276,4.640041401695378
213060,2.1740742322831443,3.723265438593404
215331,1.9623073146623082,3.248013001109318
217003,2.1813914983164295,3.7179367043113314
217159,2.4643581030769486,4.218228046662125
217226,2.185460369760065,3.693689517051038
220051,2.448418561091618,4.0811713175091855
221808,2.3058054726913877,4.010624120542216
221853,2.221754118747747,3.650941714532589
223384,2.5145611160186743,4.27986004667488
224808,2.253464929843657,3.7569019749931383
230253,2.3153661517915554,3.959370938122192
232172,2.2234699827935116,3.7768682541188867
232506,2.4288324392635707,4.19629723491892
234254,2.3334187614950372,4.011238589444076
234865,2.2144296934909775,3.7868218407194623
235078,2.4795590790640074,4.214497104239641
238195,2.219726819636447,3.842592552239358
238267,2.1498005381835537,3.781400948684967
239841,2.135855312031282,3.6703521583698473
241555,2.3458010667928315,3.9613421084511296
242404,2.296976972392745,3.832657800050462
247612,2.535214754494148,4.373973730788048
249664,2.258619951836384,3.8014156582689154
249827,2.369887619443299,4.034910898448534
255375,2.4382760846614993,4.031824059863676
256899,2.2519107213925666,3.777399799687448
258265,2.1594470064833637,3.57711906942541
260903,2.208312086913437,3.75186169909777
261475,2.214138539820119,3.7577179239755276
262649,2.262133057963687,3.753516910131993
263424,2.5965424984543324,4.526863054359537
264288,2.268784850846643,3.854001789685218
265211,2.279490188408849,3.8908226681467255
266589,2.199231664737792,3.6943149419132872
267831,2.1923496331540173,3.6231066027739227
268229,2.1681759255799196,3.645477077589607
270829,2.310582005719399,3.8712818895679155
271462,2.2396790858433087,3.8466629867235103
271492,2.475496547528991,4.124506405298779
273300,2.516797619451513,4.328496658894328
277306,2.4600597822057084,4.178438191752802
277740,2.260192697993876,3.893589872001131
280031,2.2605896845461344,3.824334772185056
280461,2.2883920141635414,3.922281752230693
281734,2.389782563734588,4.05363899385555
283101,2.350467477782403,4.0117139824858645
283136,2.182138232718895,3.683596943250992
283202,2.4544492344179862,4.1584098314293465
283257,2.5857209555792013,4.401835673245493
283499,2.016600868376103,3.5315013861085656
284692,2.372388443429686,3.997682038111022
285130,2.3332525530838915,4.033955622851736
286718,2.4346613209728893,4.102762704487148
288714,2.433532314448284,4.141776934347626
289571,2.0361808485761563,3.5434149512481286
290137,2.022957022786753,3.407692193293703
291909,2.2792057716647522,3.8941572507184508
292672,2.2138217086336613,3.723520570268023
293167,2.2470510974421747,3.8090715383378995
294400,2.3892314687884393,4.100685524500794
295550,2.581265347799188,4.3855103247740015
296225,1.9380357273968047,3.274015671233022
300443,2.3959265469156223,4.0150472698978925
303392,2.3985635897946698,4.127017263764543
310505,2.5403010052996877,4.21827318773776
314455,2.2327907338324233,3.869859793132274
314978,2.6232424153745972,4.257267131636872
315323,2.4411141453724166,4.063775185635931
315351,2.4798565035578917,4.258233615636213
315442,2.390724968554917,4.038424872431744
317511,2.3710915663591057,3.9625709004055087
320469,2.3293842838084653,3.888740153663146
321115,2.3623753286612166,4.040708764327439
321475,2.3459965806433036,4.078001434029752
324049,2.2208399485214296,3.7213233524980756
328259,2.242817836008354,3.8274141460063325
329230,2.151305913285139,3.6328761397923683
330317,2.1682140629916122,3.747531282312348
333081,2.3727458916315483,4.003979451794965
334804,2.2447519188556293,3.8367822339334476
335624,2.238497569756684,3.8151519383206938
337938,2.430544436007368,4.113294631058324
338665,2.1314288440704727,3.581985205685621
338700,2.152785412083516,3.7921980890562295
339708,2.2267558552474456,3.687296039115901
343585,2.0405465210403055,3.5410741716793055
346813,2.3406015525497534,3.9351266905739424
347117,2.2492385161832824,3.7612593190386097
347221,2.4969797276859667,4.300729761228073
347511,2.2685819346775964,3.979962842588822
347749,2.4429981792616715,4.134153614448144
348894,2.254984562804286,3.709767288252999
351224,2.2111845894124715,3.7896360851356636
352498,2.2317142347613466,3.8640294949406373
353144,2.1524224015012847,3.6064201943739893
353206,2.5996551045237775,4.418402102357233
354277,2.3823006942698695,3.9715039025204764
355875,2.39204068120612,4.197967095966254
357912,2.3227999446611927,3.9229584316536275
360047,2.434424487401773,4.15840797974081
361594,2.656322740226822,4.575903536486589
361852,2.277764742440227,3.871316860164801
361918,2.273249600395182,3.937119493081161
362405,2.066430074385969,3.6142987437337
363700,2.1436840065686176,3.5655101447226762
364025,2.229145211908583,3.7818457872340376
367454,2.0378678979208296,3.4930761667369263
371681,2.0575204529503366,3.4439830906883566
374920,2.6635926297250783,4.326228824242854
377508,2.3090310925612556,4.01658547691137
379373,2.5024830226957233,4.193946132396495
379581,2.05812442749874,3.565410886350929
379765,2.4266367814446594,4.27296375676166
385243,2.4410826929469955,4.150439429486438
387518,2.1069886970559843,3.6899019821238577
389937,2.0529783892862112,3.5252408064489718
390157,2.1237697149812194,3.703145175947341
391343,2.4883000314329156,4.195870422188938
394166,2.0437559434765173,3.5936705218080234
394446,2.038435000483567,3.504602784416084
394806,2.372820081341268,4.175782838654175
396340,2.4079219741661473,4.198034478357347
396680,2.3978769222494276,4.196595544955773
396896,2.099587653743115,3.699468391746081
398055,2.608373529818055,4.262665806442954
398715,2.1634200854478327,3.7248424387862222
399547,2.1955218048028375,3.633869481674877
399764,2.207619303879275,3.6978182307792844
405816,2.7219872427757146,4.659025000316922
405855,2.087064484299881,3.6149397087053177
406964,2.2563417164136306,3.7776734756515102
407780,2.164123259485069,3.797428541910274
407806,2.414340077239916,4.068412413080566
408895,2.380207276936855,3.9861647049861046
409525,2.0910569148419103,3.5363331445601704
410186,2.442689870602958,4.133904260331533
412708,2.359360009903582,4.013917899883032
413058,2.1763421487521657,3.75607485196345
414746,2.228632136923599,3.8176487548397655
416683,2.1993781971230244,3.6537565256292472
416730,2.134392080382899,3.640963143249828
417517,2.4991097326227374,4.2352071740147155
417901,2.3165022818073813,3.926243407692952
420257,2.2060050781080305,3.8684790568771783
420627,2.377308540416464,4.065237611234664
421180,2.4197741324020785,4.100558298387165
422370,2.5183563262758133,4.356683517737737
423249,2.4341604831021604,4.024246038225926
423735,2.3802293962207224,3.977288261705503
424853,2.4535301207257243,4.234798224060683
425483,2.2414549040493634,3.8771956629966966
428230,2.241543749453115,3.8925448950360515
428681,2.4956275883979395,4.234693559356416
431107,2.4169887103791816,4.090761931879587
436141,2.5184119382151007,4.27373612081409
436273,2.1833829756981658,3.808509314669345
437095,2.37570763864881,3.964248369323266
437733,2.3025331853970794,4.0209251442752
438499,2.3264574225689905,3.9040789705854837
438806,2.520131815455132,4.199098193220415
440432,2.4236978859362894,4.112946551748753
441224,2.1621416144982626,3.5714199314478274
441266,2.0857926669016673,3.4711941402671
441514,2.4882208960378316,4.243934933150713
441872,2.0751820691053497,3.487446977998088
442224,2.554851319815172,4.31946118958236
442360,2.5101572305735993,4.071628567641289
444587,2.225368777645588,3.770358128412835
445905,2.4129264436313584,4.0877052222842405
446825,2.2430735342169683,3.75024118982931
448690,2.367793250369343,3.9909551792218374
451538,2.0774675129826097,3.592861623995435
456834,2.5680609539926573,4.279694885003658
457587,2.124065017972309,3.535173841361778
458579,2.361557041189894,3.9523244830501483
459365,2.2498211771367744,3.750778005755218
459766,2.1485181221986327,3.633196613710567
462420,2.13070095188956,3.5850123250934263
462997,2.2606073568998974,3.843481162868576
469553,2.124812168514229,3.5656144703420014
469815,2.452769727934789,4.097715369150015
471649,2.471266486669353,4.107790652868693
472575,2.3166661481807482,3.923630220397862
474168,2.3175226146702483,3.9417530404275074
474733,2.37462052972116,3.9923869545722637
475218,2.252361823983421,3.8798066293012154
476467,2.288682789868607,3.7107658214062704
480239,2.13340370783818,3.5436558415166766
487670,2.483800316414578,4.192990373751761
488277,2.278516496401647,4.105532305524958
488721,2.4385360605684756,4.045662757397581
488957,2.4433683735371567,4.100611959456274
489665,2.4920419429331155,4.353336479732916
489714,2.441868860342191,4.241702714796776
491206,2.4165258908242677,4.099248972869522
492084,2.4588813914754786,4.302130747636423
492097,2.328294306331967,3.9205376745557916
496271,2.2377958655949612,3.798054696829475
497167,2.256202999758743,3.799165480090073
497324,2.3366192775762364,4.03177372755292
497541,2.251642837714928,3.76220360053977
498616,2.3145616559276774,3.960450125346494
501024,2.2079657526086724,3.8560153874239504
502546,2.4230877034316456,4.145810899435647
502717,2.4426742798664365,4.159972824541626
504263,2.2819784332136037,3.866558868978875
504421,2.49427255932528,4.2477699922230565
510187,2.4242611106779464,4.166574408401565
510554,2.484808679661717,4.276567170372982
512404,2.49281273677305,4.205414986380507
515320,2.0726812808222164,3.6655932180781745
515341,2.3418981626583233,3.9927261477934515
515767,2.4930457077410306,4.160593370146723
516569,2.3297352959188764,4.00176292558534
516750,2.3316148983835285,3.9508961544458328
517571,2.2223594613939546,3.777223572879062
521544,2.1840708723767883,3.6956556169028687
522134,2.3536111772013335,4.010005574188459
523961,2.5476811487423876,4.273179684865789
524070,2.125580953053122,3.6126947026791814
528578,2.579359700942113,4.421358280131697
529197,2.542662303046462,4.304725919088516
532901,2.3709145471382636,3.920609410351804
534247,2.335316930092968,3.927335746524955
538355,2.2852317156611313,3.942844634088897
539932,2.3964396944066007,4.261080026086963
541441,2.082954171504887,3.509321129557083
542868,2.1906715492852955,3.7088568221476814
544115,2.4272505590966076,4.011555319815444
544746,2.2832275227056593,3.8951629632076035
547380,2.4918010432562925,4.194544631884957
551395,2.3078896108039704,3.9639405293732133
552886,2.427359383250563,4.177797410215346
552968,2.492690026436529,4.184554317310681
553448,2.585189479109248,4.4865613380507465
555049,2.2151580582035817,3.7223948016530204
555853,2.608009094903566,4.361414138758077
558382,2.269523103351623,3.8654058394372464
561347,2.246511599341137,3.784586035980515
561728,2.39190728321606,4.005342250257866
562175,2.2154942243567235,3.8626214907582153
564444,2.397258684061144,4.052996999898095
567031,2.260859895911735,3.8339731697890005
567405,2.4499730783690934,4.117980727252153
568036,2.5285248353545153,4.229936689086991
574842,2.1457113074731526,3.663613065451084
575816,2.5487384725590014,4.313382851579197
578176,2.2233000895824,3.9092892993027775
578730,2.4722449047419417,4.202091025898928
579854,2.2909207179866544,3.847098704743618
580622,2.5448457513629337,4.18355806340373
581368,2.207992499974281,3.784275389274813
583958,2.1361977690334797,3.5718088399639596
585306,2.0870058661873894,3.651265270666091
585721,2.1863143866943466,3.822132714995813
586952,2.4460989386793344,4.2135427107889045
589413,2.118960900273418,3.54343025604668
590859,2.3523428870819076,4.001292956633207
592041,2.5511448806695824,4.449147449812212
593989,2.211721300034051,3.7554804765623624
595578,2.2146275151210055,3.7732717220045435
596053,2.5515853467042557,4.402276712345725
599045,2.2124976217337142,3.799477064958765
601402,2.5229400992475397,4.378206542304166
602246,2.1287842990391237,3.6748530292170405
605491,2.3415612448281844,3.9226639539138253
608093,2.509596396298337,4.277193555592341
608158,2.5040787056081397,4.179030380671511
608335,2.3309214844281954,3.908834600192785
609394,2.47801154908843,4.276363564544493
610638,2.4842165992529175,4.271956012678356
613054,2.5820865752142432,4.449066183433706
614842,2.2233287070563716,3.697331082537654
615956,2.344819831024912,4.082557647860271
616387,2.1892128708176095,3.75472770313614
618619,2.2285855402480497,3.8251575784495997
619951,2.220713682761991,3.773498160079681
620357,2.5333400241211828,4.274841118349251
622126,2.376436180542296,4.102493889790484
625784,2.4576153526225575,4.1269865930349985
627297,2.145449048346126,3.6542583131605495
631067,2.2487391439037214,3.9291433120441646
634354,2.3645880278231424,3.9025196270025675
634963,2.365400930058035,4.03470255815088
635627,2.496786442701958,4.118360633561277
635645,2.3599302391076304,3.847210246415988
641153,2.3536328019295594,4.0184265416604985
644677,2.1447614617318034,3.643804505590771
644711,2.448290398017576,4.148139807678385
645916,2.378935876050583,3.95785585570466
646996,2.217563496088755,3.8014773628453455
648534,2.500362132782111,4.222698854431133
649611,2.070197523973376,3.622902329337475
649922,2.1859253744203,3.799230002494653
650138,2.3587588871305556,4.02231766071098
657517,2.467752632182708,4.232479286718538
659426,2.2362338098390926,3.800055047315822
659953,2.585669097797469,4.427284271998382
660337,2.089235318123024,3.5847385723444756
662347,2.237546822401337,3.85821918041737
662929,2.3678270541899686,4.062183836028761
665298,2.295055776300708,3.9590197880853215
665722,2.509267510209939,4.337750979845869
666955,2.2825076860001143,3.8878972801782696
667362,2.3572558820197416,3.955527399314708
667519,2.296678757171317,3.8001624209912
668227,2.4827069246019704,4.096841957424244
668467,2.016861616119474,3.423924738530826
669803,2.3190438238811284,4.023942679643994
670493,2.397455694333569,4.109773901478936
671644,2.2276523569384907,3.7311181752672455
674421,2.334454258433332,3.8594778103274803
675582,2.22155388110776,3.775424987251705
675845,2.38351639758565,4.128523407273616
675920,2.36685608052098,4.075487279656703
677450,2.426020868150958,4.093329101055715
678200,2.397208051748148,4.089741114926969
678279,2.2638693654431337,3.6225167585057547
678337,2.364911525529764,3.9864302418783826
679727,2.2114213467193045,3.7409986834935154
684225,2.5100134105772507,4.277787393138295
688179,2.294640014480604,3.9182437965188672
690329,2.4054096270534235,4.164203883550036
697412,2.2881894156596667,4.134068300915812
697436,2.311750756877201,3.975625172993211
698534,2.344884775707985,3.962179044084876
703628,2.47222226817158,4.196433800216249
704893,2.4980821968977702,4.27526158033355
707646,2.436336150188571,4.164370974041911
709178,2.2866395032550275,3.889383523562277
713386,2.5963489336421364,4.19275013921462
714275,2.46917083973941,4.259698945540644
714327,2.441575715946974,4.097195618358642
717039,2.3145426819099213,3.943842708542074
718527,2.5564940315861664,4.296167081694872
720138,2.4127903400892565,4.022812021973057
721530,2.243840567840007,3.7475245080833326
722827,2.1449466461968543,3.6843729913531296
722976,2.194746699121371,3.6449984570710883
725776,2.3871251800001625,4.062718610888921
726030,2.3550573492879776,4.08266559052784
730441,2.363876843301897,3.9421007076213663
737284,2.413523462247201,4.165417935094507
737587,2.271663202097346,3.7099953341802747
739753,2.386363021672773,4.2368185693298095
741749,2.376359104438041,3.941646600477527
743557,2.222749608759172,3.804387729680924
744115,2.2896670834218984,3.9409995659992334
746422,2.0708686800977567,3.587313615062611
746788,1.9890907828043416,3.4996373382619854
747734,1.9677957693715744,3.4454571521338266
747946,2.38291989530048,4.162254061289164
749409,2.123760767762004,3.5811022351859285
750378,2.4578534300456822,4.118602483677404
751423,2.3206455731846,3.906521794760734
753631,2.2966868570763745,4.009951699817627
753863,2.4097952953681383,4.096676860026333
754115,2.3521308487267056,4.060468637016134
755528,2.187219121865382,3.6750569837115923
758142,2.340890514005902,3.931122656836193
758366,2.5381870896334937,4.328386371143177
759122,2.157867015751264,3.6260982571759444
761740,2.2244993209561055,3.674318762886729
762439,2.2660219339385117,3.8591159916146114
762543,2.394385122578976,4.0579120707529155
764149,2.2118303167327054,3.7822542228455576
766253,2.4722715947403255,4.246738186958108
769835,2.181335774340241,3.8120358270960533
771812,2.0768701337453876,3.6238892083331162
772795,2.32768292263155,3.969978577014467
774092,2.3520859364578643,3.9566337518084613
774099,2.118762459902151,3.5750931775635824
774391,2.1513627416118397,3.7206109462889976
775100,2.2768178073687704,3.9737135480868497
775102,2.230967253664491,3.872521957262965
775138,2.2714218729870663,3.87167878220735
777522,2.416873535905833,4.116150925918715
782648,2.165558884984346,3.7023794373367007
783197,2.1491237198206306,3.7143412267152356
785535,2.141736859875645,3.70504086911687
785687,2.3675820737174647,3.887773098023246
788158,2.266528315847483,3.8894338470231027
789138,2.167469301693043,3.652134723426622
791495,2.390949915306628,3.979315485597526
791911,2.3064031097614515,3.8675941332675414
792138,2.4889366921708485,4.3147903424665515
801055,2.207838489794162,3.8802850776520494
802100,2.349062848354769,3.9224768983416554
804013,2.3299486746607077,3.970551443394306
805573,2.261119630458096,3.8749422834842147
806399,2.0441980875781423,3.5432102800957277
808953,2.6339253815788153,4.562651781786498
809077,2.536072130956598,4.182678938520395
809275,2.1063738903491136,3.797925291331251
809979,2.449282591721547,4.361915669428855
810040,2.108280203888848,3.63824011623658
810079,2.5773762747792017,4.307509202945717
812314,2.3549832230200693,3.974886568594058
812898,2.2263254912491726,3.7958956005490796
813290,2.6523299950349473,4.367775863734652
815290,2.4288240410334954,4.155778055445519
815420,2.2779334538781844,3.7848464882001727
815595,2.3538686396220667,4.0302861285863525
816037,2.627238069884451,4.473051851225967
818239,2.075763843880815,3.556158983054646
819294,2.330958299587266,3.940320394252645
819755,2.4143739814446037,3.9726397763306704
822172,2.3286231378618982,3.9376328311774222
822600,2.5341187002361165,4.25222796663465
823622,1.935202233320762,3.2754862360076906
825223,2.304960299655257,3.999352631865861
826343,2.2874042252780407,3.9555225664454303
828524,2.4364637575042987,4.161554456858539
828742,2.4288496443481784,4.131811489938223
832006,2.4552824010575476,4.186246245854569
832271,2.424740732749595,4.119751043572743
833565,2.4431087581712783,4.123393594692618
835717,2.205642941751746,3.6312605413919976
838316,2.643534679707076,4.424467488534008
839186,1.961493161920592,3.378491186200692
841347,2.2653660326188665,3.90756021860261
845628,2.3528235987562227,4.0100611308838
845904,2.3199375640433817,3.9048433313418
848077,2.1612363526476197,3.6840318553516322
849324,2.4536890657531236,4.153235926565973
849719,2.5352120489094383,4.256438533627365
850574,2.4172800116422675,4.148709094382998
850949,2.4687709029306917,4.238471353841148
851280,2.5787809600578813,4.236048595581962
852550,2.4987349200663616,4.199650482218683
852685,2.2931748908748415,3.946047755734045
852969,2.4466767326756744,4.093586094788437
853138,2.1619879547223473,3.6655342457260205
857056,2.1746338312587294,3.5589226046089455
857229,2.202517080684663,3.6679788959787945
861121,2.5810780775248494,4.385189092509266
861227,2.459266381124375,4.104252911852901
866225,2.5059029423231887,4.175582195831711
866805,2.278985811319314,3.855452431409119
867317,2.288598452543587,3.8185648395679928
868976,2.7054657477118687,4.4776738080757985
871519,2.561949586083476,4.339855450047027
872692,2.390394133973737,3.9681160225712886
877112,2.4374577140697236,4.198234304794183
877941,2.2744591645108825,3.8791100377526715
878138,2.1691132171488516,3.6850762181180348
878761,2.221540317736729,3.7310712117783975
879323,2.3549033777873,4.024345173797233
880191,2.120320748640653,3.7355202700658645
882560,2.304598249144977,3.9625744022023657
882882,2.5299313730626385,4.293375081852024
883138,2.5431763187069674,4.274747874959798
883483,2.343959463156134,4.112502818750451
885883,2.205600118961985,3.7737625962739982
887607,2.0532717828993854,3.516734095556437
888493,2.2131831845166063,3.6949683513995195
889185,2.184190696091583,3.703915493728117
891929,2.3289922236331533,3.9834187739033204
899202,2.3606817615928453,3.9395625883699177
899394,2.248800841227919,3.85906476554601
900764,2.1735064104113873,3.782386214220244
905120,2.1957106305443013,3.660728319817861
908471,2.335320476635472,3.994828671244216
911121,2.367334940811457,4.054227454330823
911283,2.3710436026534865,4.163757959984271
915188,2.472616417775067,4.26381012945985
915871,2.361038814551322,4.013786692971397
918463,2.068007118527105,3.522700657625251
921583,2.4386141290611367,4.249314411788975
924745,2.3928061619458587,4.082870328170492
924991,1.9880883217119605,3.3605025139398204
925864,2.4514147783028757,4.138674819202054
925899,2.253743228680386,3.861758080557315
926206,2.340020029328436,4.024839675854679
932039,2.208357031235706,3.6362168193372995
932217,2.235426948246567,3.7518161179707126
932602,2.3698860050067005,3.9744487908151984
937186,2.4299140362288925,4.082060364858285
940417,2.403617197590602,4.146894101207743
941666,2.515589358596978,4.228442311863174
942110,1.9914264840608442,3.4833842000707937
942413,2.139211165307871,3.639647017364711
944638,2.370795188059845,3.9185573920823944
944719,2.196675516705117,3.6830867008530466
945546,2.3491711456569293,3.9515385704954418
952511,2.1026412284046887,3.645920277122782
953662,2.307025957203604,3.9820485764014624
953757,2.1904371397869027,3.790966146475823
954721,2.3583858086922955,4.0117306506317565
954901,2.312168574032462,4.020498157108323
955388,2.242742344930126,3.7364720390357196
957932,2.114835061023076,3.678563724949663
959413,2.4217210535566376,4.106719463848463
960753,2.5182703022517643,4.282970570813407
961090,2.420495796005642,4.076144405183752
961331,2.425812782356957,4.204664702291709
962020,2.3116859821135365,3.801544058158034
964835,1.9044566934692442,3.3227880116225212
964893,2.256461815171318,3.822456201472995
965555,2.16784019981784,3.746604377227745
967636,2.3436689572653093,3.9921541926770425
967926,2.1185517818242374,3.642248940719152
968364,2.3916275733950747,4.106067984040764
969660,2.3053777134591513,3.9088693551297444
969855,2.67117656507697,4.365284871187151
971093,2.267431926200023,3.8168010732226323
973617,2.29324776692945,3.8387546591242705
973831,2.1091014130363126,3.6759032686794364
974620,2.1389509826908704,3.714361229172496
974964,2.4512807991265664,4.1761504107266605
975757,2.295593555021551,3.778363314326783
978467,2.227808632334368,3.799281285835321
978613,2.3559670535623085,4.022676056960568
978862,2.4690056868647834,4.259830192229483
980698,2.27834778214979,3.818663108025055
983330,2.415998000714942,4.012550599242957
983454,2.102173232797961,3.6016323626364755
986106,2.1649252241425887,3.6992227920387095
990387,2.1911467022116424,3.819124659511763
993236,2.1350953673894315,3.6710622589752213
993837,2.3665895158985983,4.037227789170629
994890,2.1847848257047975,3.8108344714679205
995111,2.4238919787713096,4.0148602844535
995807,2.3045892335399096,3.8635287384951935
996455,2.4444844425348795,4.102460423610294
998161,2.3292043530390973,3.9897883143657613
1000720,2.177625226196356,3.6141131297036613
1000994,2.685417896649354,4.502938074860046
1002969,2.19065472818846,3.6691555462985046
1005821,2.240370237976985,3.7728545203694077
1008028,2.508088736856577,4.328595457805532
1008630,2.1434441956358805,3.7580786457472
1008935,2.3726892443039733,4.083404288576736
1009409,2.1924454257609716,3.712649844742409
1010205,2.1709984025091114,3.7864150422029823
1011649,2.1080128847303756,3.613850218292404
1011808,2.18392954356471,3.8062113882834994
1012553,2.4639295851003236,4.263540086600617
1013908,2.2244090428535896,3.7239342732723113
1015492,2.145088935040813,3.6893663894758593
1015904,2.3497205106540884,3.974765379692157
1016943,2.688754562841092,4.627834228965865
1017758,2.4405512376696072,4.16749692143777
1021390,2.4152162344608965,4.212471907190477
1022339,2.516910691084653,4.445220081972253
1023315,2.0312462217526432,3.561773474646066
1023906,2.170264465150195,3.644826703040891
1024440,2.2041088144196586,3.738076360224294
1024521,2.337958813444904,4.0656617099238055
1024751,2.4527240155735153,4.057149397472046
1024817,2.381808613091289,3.991822284940375
1025403,2.1714528173164647,3.588605345680993
1025785,2.354394539999705,4.067487855854874
1027344,2.566904774388136,4.348212337711203
1029923,2.291015609377538,3.948539866632175
1030940,2.5077666624555794,4.316872390569523
1034569,2.2834791391264413,3.8618084406416817
1037162,2.2588314797196647,3.885152879135849
1037196,2.392055756514198,4.1659267240255184
1037763,2.2734395950658786,3.8556953206051725
1038924,2.3290472619845572,3.981046810410646
1039973,2.455566186953683,4.056869916728177
1040084,2.1877636223379624,3.73052818427116
1043049,2.2746207354830936,3.8968444729407645
1044151,2.403296508441598,4.151676698354907
1044731,2.406508909980588,4.117189485875927
1046031,2.1793427626827953,3.765134738394732
1046776,2.1724094061842503,3.7313683140516454
1047354,2.1006536058759933,3.614584599674978
1050153,2.120890425643691,3.6486093824163968
1051624,2.245718370190567,3.8180959537309827
1052727,2.0593646922064877,3.575438175527786
1054837,2.4695855060711103,4.202810605562007
1055190,2.4464612404654145,4.313746369858355
1058144,2.1071030303692306,3.6835177745109937
1063266,2.312514154212754,3.9041178542971515
1065720,2.4377467936471855,4.3010051429364555
1066826,2.3233748230715747,3.921042871636111
1070723,2.3292207980955926,4.029999813821182
1074536,2.6359696955236767,4.343059644262118
1074613,2.1737278380498286,3.665798281741348
1075686,2.367974548905807,4.087943686746104
1079368,2.447703489705517,4.1591110934020445
1081091,2.348714467715942,4.03511584139692
1082576,2.4006941340914136,4.122469457390846
1083144,2.3650517977730905,4.07286156144371
1088471,2.2822716010285053,3.930043702988941
1089202,2.3386900854523813,3.990913593844199
1091154,2.414253207727677,4.120089976156521
1091425,2.360581313509133,4.00809104886003
1092033,2.1899005997440506,3.823205632712467
1093442,2.2773498363829656,4.0881526762768265
1095145,2.5975054017726795,4.246065704712916
1096682,2.441249282997567,4.1590054564816805
1097039,2.5545474164905673,4.313196345868509
1097709,2.228634196795075,3.8418295187826486
1098073,2.568225256189472,4.344937324392578
1098990,2.2369608394716867,3.8918204048645664
1099285,1.9426486996575811,3.27070373867194
1099543,2.1076526639396005,3.6056124035753356
1100564,2.090085150251451,3.5658661959490856
1101051,2.28125717746783,3.9638404560363263
1101821,2.2564337372161543,3.9168902071639375
1102062,2.35376302925484,4.042126748580135
1102741,2.512558676069773,4.438448885993171
1106036,2.141547687195338,3.605730206620083
1108556,2.5825640793775135,4.337997610293928
1109684,2.4778840857240856,4.379271632325026
1110784,2.341663942998986,3.949591828859536
1112135,2.240849016763876,3.6905819693849353
1112476,2.0374155718735945,3.480134008377911
1113067,2.017550060223674,3.55529914646636
1114028,2.313185051626935,3.911684496769854
1114183,2.571701725788108,4.389637187259525
1114951,2.2903712115807395,3.9318098528556784
1115309,2.434234691633196,4.259180942094994
1116629,2.1523849707791585,3.604259548599319
1118170,2.140488243902736,3.725653834024272
1118662,2.4822119611354827,4.270833352551685
1119235,2.396076446594236,3.9952290697798136
1121266,2.530776009068327,4.378191765899877
1123024,2.1948474626553125,3.7892446689136117
1123961,2.472845144301487,4.088414656468406
1124751,2.254639792589333,3.8385284493694334
1124998,2.4270724880023598,4.046977680560475
1125652,2.3530937799377023,3.978815809386059
1125939,2.207671592228691,3.8666529213761893
1126994,2.459768629727725,4.028452804374881
1127447,2.394014600440978,4.032527786438068
1128885,2.5088033425538017,4.199372600485847
1129922,2.398090601568915,4.056092822086156
1130090,2.2724956205684053,3.8875161415248782
1133271,2.203029357749779,3.701649357705058
1137145,2.215416729745061,3.7304957260685137
1140326,2.0900966735432704,3.5335658957206446
1141869,2.1774306139104014,3.638155696215589
1143812,2.483379406928798,4.273466557218277
1143878,2.5410326661921223,4.3098104910607
1144070,2.2732461901899788,3.7862199034121815
1144772,2.60298357299056,4.367385791566343
1145681,2.1428406610120136,3.6309422597275245
1145976,2.4371744145383882,4.129801987432429
1150025,2.573891176454522,4.450401365564152
1151984,2.3531269303316495,4.079219412339539
1152333,2.2047860999386915,3.6719711867479337
1153075,2.267451625698119,3.81121026566377
1155927,2.2723459688358143,3.8731319613165325
1158551,2.505332008316743,4.232246425092122
1160936,2.3335971265278923,4.001841467779764
1162460,2.2289883861201947,3.732610288967559
1163412,2.51857153466776,4.224758714623106
1164911,2.0739292726315766,3.5630441118753735
1165149,2.3466997928649795,3.9757132491354175
1165594,2.339990856792256,3.956434769259701
1169163,2.5335357947384964,4.299119001932154
1169670,2.5218240231488402,4.230175100640459
1171041,2.195316448508836,3.845954853372796
1171262,2.199401852778429,3.6923335054000845
1174169,1.809656834349473,3.1168310222665325
1180808,2.375937331898568,4.0077281143101
1180977,2.326713291086422,3.920216896909206
1181696,2.134157107169425,3.734942148470689
1182513,2.5250860301895743,4.225121294383569
1184506,2.2546541883953313,3.711042790767552
1188530,2.1732453323606205,3.7606057621290816
1188867,2.2421406077184076,3.7517045525724106
1188943,2.356413395521562,4.012795153631802
1190927,2.075197548271117,3.3905205906970215
1193553,2.0395204839327845,3.4957328643103738
1199960,2.476777175836139,4.297966140762823
1200914,2.597095952445365,4.307207057511571
1201318,2.384983687899395,3.9993672792415005
1203791,2.386943378767175,4.032083552437032
1204403,2.506921136621749,4.146140544100826
1206871,2.2508192220846834,3.7366801274698953
1207113,2.3608487868951564,3.863690606657246
1208572,2.3640946873805837,3.9344705469525163
1209388,2.4166236097091445,4.09201934861054
1214016,2.3860359177807395,4.07577868923839
1215301,2.4424389762596714,4.28667271937609
1217771,2.382565366785439,4.053228640256434
1219040,2.393946062241596,4.040102533454105
1220743,2.0689241824167275,3.4721660279330653
1223830,2.3248337889881023,3.874999545355672
1223858,2.1785164866730424,3.783508103419874
1226325,2.391880440859947,4.045357158205389
1228420,2.599875854703708,4.3290919512734005
1230929,2.4405455080512746,4.006140176058385
1235243,2.248980680994022,3.8366986757979125
1235538,2.515499573328499,4.26655162379829
1236679,2.403313344635125,4.025668697849395
1236806,2.5396282412785536,4.282170733938502
1238697,2.192951991993706,3.6094712226316377
1242962,2.3542528690339646,4.023815447005142
1243925,2.222227151431379,3.61342851235791
1251353,1.9714396976207063,3.453536892751134
1256391,2.2557537500018308,3.9036148147929386
1257752,2.3793902475497997,4.171939312417833
1258419,2.3099778016224293,4.028990473195424
1259685,2.4486462106909097,4.133400651677261
1260032,2.53687610507924,4.3044016938711795
1260295,2.3349161307640403,3.9761620271945253
1260571,2.4305978005171895,4.01523307824036
1261285,2.1749900783614216,3.695614879777661
1263787,2.0786920027733657,3.5187146051820117
1267099,2.287429099978134,4.022234314485825
1267275,2.2815179829320886,3.963405403416089
1271179,2.4021468777228203,4.112312943737698
1271844,2.3887120189702276,4.018554787574246
1272255,2.3198479294625214,4.016242650620867
1273449,2.6124940315723575,4.414097794693151
1274969,2.5373577574479507,4.139343892987706
1275715,2.1263863976492456,3.5817570005158146
1277133,2.315003923983507,4.039437875431029
1277161,2.352954499270781,3.8269306388663553
1284545,2.3572236050866637,4.128859755023957
1284725,2.2604013244120105,3.767452225986917
1284933,2.2018627039534433,3.726247602481711
1286150,2.231325218141987,3.772569980932657
1286361,2.383354564431513,4.172053129853749
1287236,2.2972148845176137,3.9070633480572603
1288165,2.1293441481960813,3.6692086008455944
1288458,2.2047488075478263,3.671444416645003
1289929,2.355519017108678,3.9357915383916895
1290175,2.246058350970766,3.732575940217874
1290869,2.5103263753059526,4.183286912916957
1292756,2.410192912047079,4.099983854763904
1294055,2.175492338309729,3.7069395238727565
1295878,2.0444948764024833,3.543540056907854
1297755,2.5249566145418494,4.204223569044855
1298926,2.5732869244981793,4.398162161525428
1299104,2.5127125353892477,4.1912080089887995
1302826,2.4307309859897215,4.092384032171655
1304396,2.359053454802598,3.8995865685125395
1305319,2.3585272730964886,4.004330029763284
1305884,2.2958239783988033,4.044579279783634
1305976,2.256830681560819,3.858560103019573
1308655,2.106364067793288,3.6298101313695774
1308705,2.2010890722661975,3.7286717140488697
1308962,2.26748835070635,3.858738527146973
1309654,2.2685652532522247,3.893742180570415
1310195,2.1403620623328496,3.6544620057246746
1310791,2.2717521760604944,3.9149277339999284
1311053,2.4613693781216357,4.112986536692852
1312200,2.1698582564560205,3.6232444862667355
1312767,2.518488704794804,4.316231342175089
1313502,2.4341144640793364,4.029050386729154
1314138,2.2075935310853643,3.700534657065256
1314405,2.2253485432858433,3.6684322035285426
1314945,2.171279075302172,3.606576841943982
1318102,2.151702227900363,3.6992454192447286
1318243,2.1587455589637967,3.7606405104419878
1322102,2.5677715661639655,4.4294660847843605
1325063,2.5005470803580487,4.212839009026521
1328395,2.3737437415845357,3.991250583268587
1328528,2.2089080025382866,3.6816345230488605
1328592,2.2724759100389007,3.727183560402465
1331031,2.335223524225047,3.9099462101408196
1331527,2.4448821727650394,4.091233053260974
1333648,2.115456167505071,3.571275997431468
1335054,2.1985395014806337,3.7382747544371844
1335278,2.13200846800208,3.528701511973941
1335647,2.10246525663219,3.602906172900541
1337080,2.2867600527456258,3.8911673745880764
1339620,2.392576744174895,4.129665659694906
1342068,2.2514910083351922,3.9649694051208044
1342106,2.453768189389781,4.196810643162998
1342960,2.4668199274717018,4.2509377860217175
1344632,2.220809846802944,3.7273405691864796
1347296,2.2609088251895892,3.7781392746181393
1347646,2.38250920355422,4.19265970804989
1349689,2.3439611006824097,4.09377706111714
1350817,2.3027132524430654,4.044934544251231
1352728,2.3505569934104495,4.017073663684474
1354160,2.281428435153941,3.695480947149532
1355102,2.1823570765877642,3.878506742389059
1358350,2.3334565819354145,4.0107679651440336
1358588,2.2920587198268487,3.958245324076752
1359486,2.316407996192455,4.090319459453423
1360323,2.3298104368507953,3.890030152993011
1364045,2.441819806355463,4.131184775105327
1365701,2.4092856526055986,4.058926569848217
1368857,2.4096276239601813,3.997770712602272
1370367,2.3590950227020713,3.967110367370722
1371994,2.5695049383265984,4.238322664283401
1372442,2.3600342327885677,3.9816424995087862
1373168,2.327051892849127,3.860144673789379
1373667,2.3548916825835677,3.9555788019516798
1374162,2.356856590089128,4.088673659286173
1374691,2.248885442339395,3.724427325371568
1377583,2.158462116250648,3.7444127073408273
1378337,2.1162397452730906,3.5472746133518367
1378357,2.0753478684262188,3.5349890048041925
1378522,2.1764207342088033,3.775994055768262
1378679,2.2782009977712487,3.804780722215171
1381351,2.452715640669854,4.259415473872151
1384877,2.369058835869949,4.08347984115174
1385103,2.320470393585085,3.907250750568336
1386417,2.147135794154434,3.6529860262779144
1388583,2.340687246865635,3.9313653482834936
1394173,2.3095556856993773,3.96130149798457
1397858,2.3526471776373064,4.023793964062008
1399127,2.076425751221736,3.485961818262007
1399310,2.209753187353524,3.7312285757432337
1402524,2.4323519793930806,4.16380442053078
1405027,2.1808867026702226,3.6107418600088286
1405203,2.0480341443313685,3.4226347734986757
1407767,2.3285218673039463,3.9156031979440056
1412144,2.148470245883111,3.6446141134502597
1413057,2.5904065228325424,4.341359640988875
1413987,2.1633246198088294,3.674342545225759
1414634,1.9679013682850135,3.368713080950218
1416007,2.3032938513402215,3.8746958132652787
1417166,2.4179279144952437,4.095502563301769
1419664,2.366052716157541,3.919850528491406
1420047,2.0815431036462586,3.6373151828216974
1421665,2.184356174722893,3.7365137015468926
1421711,2.6405562241310507,4.376637854593061
1425658,2.231107324975899,3.825522680914749
1427628,2.4749001175896104,4.198182464287047
1430963,2.167990868149278,3.6439953969943257
1432252,2.336599045767999,3.9426205696050842
1433274,2.3742067738150143,4.177466306942736
1440793,2.2526365186728436,3.9183583692754014
1441304,2.2619700966968224,3.907232295661171
1446373,2.051411867242221,3.5885822158028926
1447255,2.080062412505559,3.609240051751336
1447332,2.3409365829830926,3.9660821493888734
1449348,1.9111074080633348,3.298232036854756
1449712,2.0597422845026863,3.4675359477811405
1450361,2.43695163559866,4.098179749035462
1450430,2.688314600444698,4.529423217573293
1451602,2.3250393757808014,4.016197069675213
1452085,2.2020827050630927,3.8522210446600145
1454039,2.078419765323733,3.6655219755968984
1457605,2.26250354023562,3.992532216699941
1458756,2.4787150406249303,4.2755961782019165
1458878,2.4140549406063996,4.2224535590300025
1463738,2.158793395659608,3.7561300385820076
1465076,2.340736932887935,3.96715087145435
1465961,2.5096987351967854,4.15187554682311
1467387,2.510966361179505,4.278339089983967
1467423,2.149024414817481,3.5870196846388347
1468026,2.387543038348766,4.005682204229452
1468813,2.3500960459688365,4.056634498605083
1469102,1.968713831082617,3.4472065696597816
1475909,2.0440436113704563,3.59717783077148
1476811,2.217051442852696,3.8089639206447585
1477590,2.4492206302396298,4.278287183804941
1477918,2.2547370364285153,3.7894102644005705
1477929,2.5760970028395827,4.307983954777949
1486902,2.3999596421118086,3.9707158010378287
1487638,2.225886618219061,3.712890821572203
1487710,2.7036740945477145,4.479891930870673
1489277,2.3382161150401393,3.9600592643882453
1491403,2.1965744050000353,3.8146369312641775
1492063,2.4810341586877103,4.064367159967289
1496252,2.4239544667703665,4.193559209314679
1496880,2.3475308916042157,4.190491152574957
1497386,2.299312212157989,3.9076946932788514
1497418,2.0763646713300563,3.66878364659421
1498338,2.390341403227266,4.09174226984171
1498758,2.302496675888994,3.8616972704859176
1498791,2.220221845632748,3.73449673359598
1498838,2.6165485374353334,4.403538976150312
