,geological,slow,mid,fast,co2_2023
2786,154.80698955830962,102.52204177155625,33.518827664341536,4.640929869874663,417.3621742986427
2901,154.80698854195992,103.29071306992245,36.16919863803791,5.239192326321113,418.6824280196489
5004,154.80698730618678,102.89385056181355,37.31604728106004,5.589865148880206,419.53725751858644
5038,154.80699120966796,103.94780216537363,34.50035857409059,4.820082369046022,417.78556375241806
5346,154.8069882440934,99.85010840103337,28.748197000571995,3.683581331189294,415.80023089339716
6016,154.80698802324815,102.09419550071664,34.04399367974034,4.778897349499578,417.77142362482596
6120,154.80699104357387,103.34687538143206,33.01993259453613,4.4885273731283934,417.3564471022811
9563,154.80698925406406,104.46264610032536,39.05545453744991,6.152641561146143,419.7743691602928
9581,154.8069967085441,108.28537786606051,34.140374145924945,4.467456697809026,416.6089769849257
9877,154.8069896577276,106.50058360319862,42.89970917075675,6.990733238089469,420.3072511824252
13194,154.80699513640394,106.66267675773723,33.612144735711375,4.4755444819562715,416.3634186357886
13585,154.80699316612936,105.76208354975569,35.16107726036158,4.835922633319028,417.3837729308177
13769,154.80699249999373,102.59234048815952,27.996051984980294,3.4367404006613915,415.88614793507514
15776,154.80698734590905,101.84555505756262,34.759296836018194,4.991870053290151,417.9945803858423
19468,154.80699311918028,103.44211439787244,29.830276022968402,3.7972674337458523,416.380737723052
22019,154.80699117078666,103.83592200819282,34.28504528641038,4.787243207916789,418.8596818942334
22567,154.80699213610623,103.09278098151952,30.28462410373506,3.9154116432652772,415.3858943237452
24094,154.80698475257427,100.75796142112362,36.299258563708484,5.502828670056363,419.80806523942476
25818,154.8069862135379,102.13319200376608,36.710539769587726,5.478704485058469,418.86320405669966
26647,154.80699789681296,110.3594546093612,37.59258067558906,5.146457681160604,418.07459519219094
29956,154.80698707692014,101.38712448780475,35.13192316137439,5.142009110110258,418.66047186946946
30535,154.80698578576337,102.1380093712469,37.70352358043337,5.789214122681311,418.4780668176778
33039,154.8069906420922,101.76300642005847,29.397393345030125,3.7581848261262216,416.0160631531236
34871,154.8069955341521,107.01995406467965,33.60006832454828,4.403732834519826,417.2931215467055
36954,154.8069901365882,103.0103808432875,33.58371343870502,4.633176377947179,417.5418553176419
38247,154.8069905402367,103.58527759755687,34.708824035509764,4.908737902898188,417.51896942494886
41330,154.8069871560049,101.6520487586105,34.86065065525709,5.034478093028488,418.43200628775463
42646,154.8069907679622,102.1666246595684,30.023080165851184,3.8587822855568383,416.7305759202269
42785,154.80699307413911,106.70425162025052,38.046987159296876,5.561613913155391,418.5312030191061
43322,154.80698114727932,97.83747340163814,34.39040623139814,5.167226381054947,418.51365562091553
44325,154.80699609443008,107.48135972502213,32.689356906295096,4.163405032040258,416.18279487142576
44652,154.8069956117711,105.47184512012886,28.535118323965275,3.430366598233668,414.546391359018
50056,154.80698664979505,101.95619896001878,35.86525084779977,5.261833310376721,418.4200499815447
51743,154.8069860355205,101.47879534567994,35.458271495084944,5.181511536532651,418.7313545468453
56868,154.80698690995118,102.14263273800728,35.890644791810004,5.2514349913743485,417.90949519047456
57077,154.80699598666354,106.12527439454037,29.175436414243844,3.514743623723378,415.5223870607527
57705,154.80698409265455,99.44971476205606,34.04343967423868,4.95878461723384,418.195015858988
58900,154.80698563600757,101.93444519202387,38.80425111996018,6.236677348928016,419.9604834670736
64361,154.80699252253518,106.31351473378875,37.875027744713584,5.500581935438961,418.66172348009917
64612,154.8069891675325,104.07636205182673,37.6617346975332,5.6215433010105,418.13518319110034
64903,154.8069936230991,106.02870323336633,35.34806355516452,4.934495482931331,418.1776159964928
64985,154.80699327077946,104.87857341289978,32.41774297599527,4.2621136832200355,416.06369724473853
67694,154.8069932231188,106.5515500957711,37.381968336798245,5.4187496795151056,419.76586984023425
68986,154.80699566386056,107.85901113761226,36.19844397149584,5.000887423043072,417.8706706691113
69541,154.80698723349752,100.50992440225839,32.842768017241724,4.675466234731147,417.5111766492607
69979,154.80698444603226,102.91672048085519,40.67345757981184,6.515952887515874,420.49544496814417
70325,154.80699008678258,102.06866672359347,31.17722277973759,4.127795853878261,416.66024158223615
72139,154.80699668428795,107.98105849428245,33.5105096366846,4.3785531068640315,417.9897397158824
72520,154.80698828163983,102.94582891257342,36.263201859797874,5.304944775008903,418.65258155365996
73922,154.80699064112937,104.99949810745053,38.04593004593838,5.605468349874889,418.7407428434398
75033,154.8069915849457,108.082175428596,44.43788388449028,7.345596442164557,421.2216308472199
76914,154.80698697562585,101.59291653663006,35.23348130193666,5.1487664891305505,418.88422066641715
77258,154.80698548304622,100.58179250983217,34.21575091202142,4.917045319263466,418.3766711423919
77427,154.8069909777093,102.20076785692923,29.951019124024207,3.839647673869336,416.0585279194646
79370,154.806990038551,103.12749920683142,33.33768026044247,4.5391721638550715,417.22609257674947
80563,154.8069877867139,101.2444612259745,33.361855619408686,4.697828469851825,418.0631755181063
81278,154.8069882231158,102.47195426617469,35.52682037761784,5.180579273360385,417.61531985776304
81592,154.8069940885543,105.17537936123664,31.266524282817816,3.99275260539011,415.78512793706557
81643,154.80699137736516,103.61878298618035,33.223361015646375,4.525772165959246,416.80814001702737
85666,154.80699083406506,106.32017034508898,42.050240435292224,6.800286189476088,420.795280154372
89496,154.80698691037557,103.36609316063964,38.84121566486392,6.0041410892967475,420.03865342523966
89842,154.80698346964036,100.52835983302693,37.581258243141235,5.9466084716147165,419.6031526484796
90327,154.80698916675445,102.26206872498851,33.144476637217366,4.5652983942037615,417.2463151586586
92069,154.8069886565876,104.25334156448918,39.23259748366158,6.0815074344510816,421.0668571399413
92864,154.80699208089445,105.3960140373985,35.765441974259225,4.95424356387696,418.82766998602074
95235,154.80698820711413,103.18178752090964,36.588085625137495,5.358728166734666,419.4288994115347
95869,154.80699023023521,100.93949530229598,28.119932924779583,3.5137890019867455,416.53093262717147
96826,154.8069953990934,106.37250938272113,32.03132159840843,4.11375273960327,416.4439248964162
97396,154.8069867652163,102.52521087779792,37.07668068581508,5.551672140521302,419.2783846359581
98202,154.80698917291534,102.30417688316582,33.41624508009457,4.638506940395129,417.26476526022805
99476,154.8069901420773,103.20061300664291,34.03281047026858,4.717371496573955,416.771363999816
101793,154.80699432996545,106.96146162414543,35.7381336312076,4.928768428392308,417.6444407914528
106903,154.80699468592405,105.1676392398473,29.99613423731382,3.727044330919452,416.30032621132557
107117,154.8069856266625,101.93868587505325,36.476974738127616,5.380889371477321,418.10113622099243
112839,154.80699474365306,105.53659329419771,30.97557057056951,3.917605463130432,416.18132000931416
113685,154.8069933731177,104.10691330299039,30.150956102793433,3.8022367075508083,415.67922147504623
113888,154.8069822966129,97.03844574428206,30.933714867663927,4.2942206636748415,416.74676524564677
118835,154.80698908899038,102.7990635262606,35.05746263014197,5.017310207242815,417.371307912587
119039,154.8069748940155,96.73776046745392,37.93527188721399,6.237088268951537,420.1883737732747
119139,154.8069969791063,107.42309858178878,30.287775124213017,3.6700585174883984,415.2211954982221
119893,154.80699259445342,104.96284905800411,34.685955743680545,4.8306865386478215,417.6188643802725
120965,154.80699021791403,104.94336182911229,37.880765843207,5.58245845918017,418.7662531078362
121182,154.80699015176384,102.74382729312221,32.759422379355144,4.4411012345404,417.42768484684666
121795,154.8069963441361,107.48532728542982,32.500500982721114,4.140738878140917,416.3752546112951
121884,154.8069902502701,103.97398767398398,35.27324532077143,4.972295503741053,418.3784653000707
123143,154.80699516313402,105.41795409187185,29.525850904273177,3.621157456085459,415.10610192042657
125469,154.8069819147443,99.71241060499156,36.52867175130677,5.596112682441984,419.6159534649909
127215,154.806994190522,105.59843530776823,32.62301932721882,4.268950211944231,416.91028708698684
128486,154.8069877481965,102.44797481542291,35.30259049534719,5.053681436803357,417.2449524221357
129818,154.80698950600706,102.53592989484551,32.982960265076905,4.4874310289065225,417.0783268985714
130496,154.80699144724198,104.46670851882187,34.940140893527236,4.858050058096642,418.60856264645463
132384,154.80698740951036,104.18128362634393,41.60211466810966,6.962705551848007,421.163125491909
134380,154.8069971936483,109.0606190753126,35.60823576002349,4.777421211505779,418.408538298198
134950,154.80699002363178,102.22189589888679,31.5335630149179,4.184991386956474,417.10932841198286
139975,154.80699516818285,107.61440248044362,36.63452600840859,5.127549796262168,418.02708737549057
140404,154.8069835511281,101.83502154597114,39.09975118929211,6.17098704398061,420.49591488951853
140668,154.8069963835723,108.7093060537809,37.125000952462116,5.222588585159799,417.189579135059
141139,154.80699244669108,102.71718697173281,28.394309663184554,3.5112174384347785,415.07937482821006
141353,154.80698875291358,101.54933374331974,32.01142909144869,4.3004641992707064,417.117183709227
142364,154.80698899534485,104.08257378987093,37.43754657187267,5.4932997406008495,418.83075964844807
145453,154.80699195387862,106.29848792998801,39.16258731821276,5.880037174326029,419.2909755751447
148002,154.8069873407059,102.93906790535804,37.657602372845126,5.6573748161871675,420.19296783721603
148401,154.80698700335094,99.66734648911986,31.499406576140363,4.355069347717133,416.5802216916651
149343,154.8069840319772,100.18539110101389,35.849221634072826,5.409653672139439,418.29723537994107
149569,154.8069852079012,99.92931732834458,34.55631669193011,5.089595671977488,418.83305765483215
151295,154.80698945812668,102.80039387482489,34.91894411565475,5.00986000851804,418.9321456156855
152689,154.8069907731014,106.09557354773023,40.54018165285847,6.303216203027575,419.9453880679156
154985,154.80698581564806,99.52200319988214,31.69161854740164,4.355003369745037,416.6202153907556
156501,154.80698598170767,99.50811280355364,31.49915819496109,4.319785321236586,416.88656646886545
157828,154.80699039016707,102.38435660957614,31.424321267086256,4.145651246440979,416.1285583731726
158489,154.80699297839317,104.61009560111381,32.33929411755261,4.256155705396147,416.3400146234102
158660,154.80699083870903,105.1814624343477,38.31355689732023,5.728872702958264,419.1901172281604
161775,154.8069901725191,103.90413037327856,35.71256183688613,5.118125263222983,418.5068127777265
163837,154.80698882236715,101.42613776107352,31.85303601838302,4.309280535265662,416.7649506831736
167743,154.80699423865138,105.11604553491335,30.850947281270177,3.89535975935568,416.3233374161811
167904,154.80699267794745,103.60138957871764,30.381047972749528,3.880414793878392,416.05195807667866
169111,154.80699102050224,106.78875768006037,42.19315699606544,6.783740480034786,421.56148113449876
172703,154.8069883387879,102.68856823915137,35.19839137165376,4.986410791069677,418.0209619974412
174227,154.80698938241963,99.21350648058194,25.844689854199004,3.1425988462320333,415.31193792141886
174262,154.8069968218789,108.25856129884745,33.74835026003254,4.3619576213413325,416.19898565597975
176865,154.8069915645945,105.7602222915751,38.04902701279901,5.569220778070611,418.95000661201215
183750,154.80699214331767,103.27847665251352,30.509442695727547,3.921733953875848,417.1236447602839
188286,154.80699137088126,102.68855784950213,30.42190750482377,3.9170486350243445,416.44123518814
189506,154.80699304871234,106.21232681986615,36.58444308942579,5.166592089187056,418.14291605772894
190269,154.8069857635286,101.76926662995687,37.07372307868759,5.642495401547013,419.38737149511996
195129,154.80699046002428,104.6638460912978,37.01440535432107,5.382569866194009,418.16158606738713
195453,154.80698360914698,100.08062136153032,35.00807320318682,5.135255379166768,419.06591852631254
199945,154.80698838919452,99.54958558883312,28.132351460571407,3.5749200747092855,416.65703198215397
200780,154.80699186611375,105.45113898650138,36.706929707212964,5.235444486670587,418.4013686347339
205068,154.80698924549003,105.37205764655384,40.39238552247344,6.27473613023746,420.3396320294626
207641,154.80699023916318,103.40251325100533,35.342456039337556,5.131059402902521,417.7427658961473
208398,154.80699911138387,111.41571102812874,37.028478327600595,4.936831016103712,417.7573290259086
208882,154.80698415481328,99.57194007562009,33.11304757235946,4.656500095760815,418.0191309631556
209601,154.8069865222909,101.29128867488245,34.372113530098694,4.899983114228487,417.85819425939326
209931,154.80699476512433,105.86036342883509,31.36414667097893,3.963308779852279,416.4413419150781
212953,154.8069921582983,104.11195985591685,32.46626353189622,4.287813703001152,416.9696756514737
213060,154.80698564828802,101.00126705808403,35.208810910464535,5.143199431162827,417.8761301183571
215331,154.80698999292616,105.29811139244738,38.566431039080065,5.682036989040736,417.88231647597246
217003,154.8069880216765,102.40813734307989,35.06799383338618,5.003171255875871,417.8822384648494
217159,154.80698747349936,102.13132703738661,35.09326474341736,5.05389037905203,419.03495729434167
217226,154.80698491499183,101.67405901580395,38.206494513165914,6.0443519932417455,419.78366055270135
220051,154.80699026092222,105.1458488266425,38.68666467589401,5.802872376946421,420.3619037642959
221808,154.80698520753992,99.87194667025625,33.508421618739646,4.811570094192869,418.64451270130473
221853,154.8069910718479,106.23464441504228,40.000991122223496,6.075644277378263,419.128175649579
223384,154.8069908357134,103.90861962638023,34.11678345598077,4.68681550577373,417.73625217366344
224808,154.80699712657838,108.61071729155755,34.22404343103264,4.4541097335075115,417.1350290998482
230253,154.80698881676892,102.38484441444258,34.56720184578518,4.9285602496930085,418.111724414723
232172,154.80698869544509,103.06252485845536,35.62409785873668,5.127786196565744,418.5954924970804
232506,154.80699014155869,102.35210783372132,32.54962611121764,4.420040486061997,418.01151603685946
234254,154.80699269112037,104.03951524710793,31.394274011141203,4.095950117081231,416.5289962412728
234865,154.80699092591925,103.4335696257637,33.2566352823101,4.5349746494756955,417.2315328666624
235078,154.80699587332268,106.69288859585983,31.624850055661007,3.985820032626396,416.7424948803161
238195,154.80699028910524,102.2836784878141,31.64871155494465,4.235015914398312,416.9787088015236
238267,154.8069855899203,99.0729326960437,30.951517118410525,4.19628063216602,416.8121279775256
239841,154.80699360954273,104.63783721126292,30.602533688630817,3.866808182472763,415.91162037946987
241555,154.80698842123664,103.03825188739366,36.61112156763366,5.409029884062258,418.29070989432626
242404,154.80699734640987,108.59617296988718,33.0842993941157,4.201659981815763,415.4851171011314
247612,154.8069881830269,101.61134767026155,33.19559642563236,4.618908542447418,417.69135924527654
249664,154.80699062951635,104.41370400024216,36.777095834697676,5.394558483579037,419.30504582068477
249827,154.80699110171346,103.8613374404852,34.00077749677843,4.6831617022183005,417.6218795716335
255375,154.80698896021704,104.6291173751802,40.34566696593086,6.395716623894586,419.98537329788326
256899,154.8069911300213,104.64534374986867,36.7649115843931,5.414890485831581,418.34248567439556
258265,154.80699128665043,105.94369438850774,38.77062515942321,5.738932889831817,419.3474108903846
260903,154.80699401927532,105.40061650232549,33.075076960667104,4.419469566633769,417.3441260071496
261475,154.80699789126515,108.09244688842892,29.75524801164894,3.5324649962146206,414.93691633615447
262649,154.8069911255732,105.84953028242393,38.75205616853669,5.748096437180039,419.7498967317744
263424,154.80699014598403,101.59521316675638,31.045869691984162,4.159218968560355,417.4684130265028
264288,154.80698654552722,102.06862526865662,36.49182404376491,5.4094766494584645,418.8904653154715
265211,154.8069889314556,102.59356743368751,35.33295792596478,5.133249394953131,419.1138907340848
266589,154.80699663465813,107.89409862340534,32.812226984668854,4.187020523378235,416.3532350840435
267831,154.8069950977568,107.84248368561639,37.014479061686494,5.199237530260156,417.9808304016919
268229,154.80699050108865,104.43698446340342,36.78851269703873,5.35349959516387,419.0100027642438
270829,154.80698983064633,104.43813121201553,37.309825553495685,5.483504210615472,418.73074103891315
271462,154.80698560864388,101.05201889995664,34.80564720926144,5.009361145621617,418.2075459284407
271492,154.80699395477123,106.60040716345425,36.79563915679814,5.259846676922943,418.77359408855153
273300,154.80698640035476,100.78816142935842,34.75566452226877,5.091395997421101,418.33831819578734
277306,154.80698626311718,102.06925947119332,36.83784668042549,5.511543594262322,419.4448387198032
277740,154.80698641509167,100.86633008644945,34.19916127202029,4.919942021920817,417.8722884783733
280031,154.8069877471665,102.63847948476072,36.32600382837923,5.3633065088439675,417.9354059807464
280461,154.80698706723737,101.15133993821486,33.96413910714499,4.883144008550383,416.2013207521268
281734,154.80699003848335,103.63871122565432,35.29016209253448,5.015368757310459,418.261073833724
283101,154.80698618790518,101.75565774706268,36.56108990586797,5.4739608954923495,420.1459804101397
283136,154.80699058637114,104.21552196670743,35.989678867465635,5.159077695856507,418.64200463687075
283202,154.80699343459838,105.36387515150466,33.79771368012894,4.55943417651874,417.5745292556861
283257,154.80699510011564,105.95987949947103,31.56679407620332,4.0511478720433525,416.11408703292864
283499,154.8069925982339,102.73535777163086,28.112685163891367,3.44824563992953,415.43943245198216
284692,154.80698472438732,102.07367887653203,38.37581802312649,5.944236977566988,419.4950271143849
285130,154.80699153548713,102.98015184148127,31.20616868443752,4.117716153560877,416.76288531808717
286718,154.80699515685313,106.69489964392464,33.52767227382583,4.420175786836611,417.05829468144634
288714,154.80698543289876,101.79195491172662,36.73383934668512,5.506614818548883,419.53808671146686
289571,154.8069885147382,100.97814289673939,31.169104567366286,4.1640529207843295,416.18326650580275
290137,154.80698475192565,102.35926318457255,39.02240512533113,6.138664772876984,420.9325773554673
291909,154.80699154014098,103.88282108303304,32.956361576030396,4.418674534661111,417.00632853955926
292672,154.80699041996178,104.54781048634095,36.61038382383568,5.282039111376786,418.92898065601366
293167,154.80699073591495,103.94093409040133,34.86894142745233,4.871626369106465,417.69880658963314
294400,154.8069909710659,103.37521394971137,32.866925632159806,4.434997588699308,417.6523189509089
295550,154.80699522203736,106.32328800019921,32.15135340020493,4.126571308159438,416.9736408838183
296225,154.8069960856465,107.28551219432498,32.588093759605,4.1615668871378055,417.06379730820356
300443,154.80698862159116,103.97996166241428,38.07622227293557,5.722351523132105,419.51002883304506
303392,154.8069937482519,104.48612625798138,30.621454291709735,3.9290562129505866,416.084904840729
310505,154.80698610722084,103.38286923749017,40.603361129458285,6.593668515062864,420.2793885598044
314455,154.80698692942053,100.86879285796257,32.99320228491819,4.581825618150296,417.8590640769436
314978,154.80699642401567,109.83080469417361,40.056863240899844,5.8416918207855115,419.6041886863767
315323,154.80699160944528,105.74810868823458,37.92252655083028,5.564604542208691,419.30827995287484
315351,154.80699281190633,104.16203796446015,31.805763558755036,4.188358020846749,417.0693751869961
315442,154.8069935504425,105.60212998917996,33.72325384294243,4.5301234127348415,416.7389645205142
317511,154.80698957749067,104.50829380480013,39.028217915251155,6.032509945974793,420.9776858886978
320469,154.80699185043082,105.51455169080731,36.9380956046762,5.2914334186757515,418.21167515734487
321115,154.80697943331435,99.18211867515821,37.780883863807865,5.97962440661171,419.65992566820825
321475,154.8069932233218,103.38160426973866,28.890021261674878,3.5937545921853165,415.1533483797692
324049,154.80699308755496,105.85227488040147,35.63097398466853,4.967027433276067,417.6597601275316
328259,154.80699029104298,103.51184153691744,34.19652571290606,4.734533170959357,418.25053759440766
329230,154.80699109253655,104.36418535254842,35.6006331323353,4.99364276421077,418.304917132695
330317,154.80698806585144,101.23393463428499,32.68965701956505,4.513781095874359,416.90793583726145
333081,154.80699094368617,104.20590644261952,35.90753318405825,5.168583726172183,418.4201609002638
334804,154.80699221432215,104.18289056985782,33.23551894253593,4.523550058400347,417.9904000687759
335624,154.80698919598748,102.70840165734224,35.05148897472692,5.070778763939369,418.30609949851464
337938,154.8069963528166,107.30380817559005,31.94074327329299,4.030300067443756,416.5997929893721
338665,154.80699228284223,105.37216202475028,35.43848219278896,4.949471182993439,417.6040239322367
338700,154.80698907160948,100.48318042530425,29.06034361926061,3.726055645715037,415.941640744926
339708,154.80699293980615,106.6506293973212,38.312812657600034,5.622732789585055,419.3981992060668
343585,154.80699282925366,103.34265948853209,29.264873716474753,3.6522843919636565,415.1675852167625
346813,154.80699526586218,106.82866617406701,33.79074972948831,4.48920015098459,416.88844656976516
347117,154.80699089950608,105.0709418378067,37.353326041903074,5.445807754731067,418.9461796352103
347221,154.80698658093218,101.11546041853626,33.9691014405359,4.794363629459726,417.786545811931
347511,154.8069928022912,102.70887731388694,27.713835798116886,3.38003237511284,415.329620617739
347749,154.80698665546495,102.33032967456694,36.973294417067116,5.538197132810581,418.66269759409266
348894,154.80699324553703,107.26691008835662,39.2294330568617,5.825621263598551,419.5346640895672
351224,154.80699149755992,103.64750067098417,32.426625334108216,4.314293470098813,416.81233703127015
352498,154.80698344031697,99.60364904154356,34.66430620708677,5.095961344294428,418.7633197962939
353144,154.80699135154697,105.19540391370343,37.06959087540684,5.379863388512631,419.2698422156237
353206,154.80699685337902,107.23697941888166,30.18324249233928,3.669031083897202,414.98470471275004
354277,154.80699341287573,106.42510176402982,37.153381631689584,5.343004774834655,419.38706592503405
355875,154.80697843161053,96.72970834906093,33.63879762020557,4.986152419432432,417.6099294982058
357912,154.80698634323963,102.47295160117501,37.68361337238465,5.764060601962558,419.4646941038577
360047,154.8069942135178,105.24957277716783,32.002007426750986,4.191848429393252,417.09056611426354
361594,154.8069868502811,101.34756303430457,34.56289739101564,4.983193134294044,419.2068594155644
361852,154.80699505262112,106.17290614718155,32.13016114320257,4.125830671747737,416.8644586194333
361918,154.8069918064286,102.91194661132845,30.378258390029487,3.920256601998895,415.84187597917605
362405,154.80699174322066,102.22378290017244,28.53480529108546,3.553407644229297,415.04341480308597
363700,154.8069929617536,106.3109497466779,36.97494140470612,5.293542832945319,418.08849130422345
364025,154.80699450262998,105.80306942352745,32.04172222146081,4.1334631074373895,415.615454713237
367454,154.80698715025756,101.90248264551956,34.76699531535086,4.937693850240332,418.60444736280914
371681,154.80698721821915,103.65856502608708,38.83281001790292,5.897320531177842,420.046185023615
374920,154.80699839096073,110.88685529251009,38.14447929765209,5.256106833053159,417.9241092451264
377508,154.8069835422136,99.20406783409292,33.44287967546522,4.768317255463801,417.6561014688259
379373,154.80698726372447,103.33916972659898,38.69277586037324,5.955912970167716,419.80661618291174
379581,154.806987073097,100.95548895592603,32.96365429620211,4.557045014664765,417.76094543885654
379765,154.80698184008676,97.76388562554983,32.414317464127585,4.659708087283878,417.80288676770357
385243,154.80699203073846,104.28109892307673,33.49765338925233,4.5537819870947205,416.82370377640586
387518,154.80698352376453,98.74291108078933,32.29141279477173,4.503581327211852,417.193562174009
389937,154.80699385193157,104.85289945110128,31.10688562796105,3.9743902265622215,416.7785186961459
390157,154.80698438915186,99.58796159834624,33.003137094126686,4.643472749383247,418.18023078125987
391343,154.8069923305512,105.04726790733471,34.87364047586673,4.8472675632200595,417.43542905362045
394166,154.80699138434917,101.76302912194572,28.22563275959075,3.5171734920542748,415.67007214166915
394446,154.806988221311,101.88753991095949,33.55373519826401,4.664780549487855,417.4793898402552
394806,154.80698720192285,99.85552249711392,30.502689439189922,4.05635699680352,417.26432162873675
396340,154.80698706045868,100.32740990623167,32.1566758655991,4.432789371940164,417.65807627039214
396680,154.80699111721776,101.89795493958786,28.89472023255321,3.6385952982406367,415.4143710050341
396896,154.80698962556346,100.7157740651796,28.54394190038822,3.6118312020761185,415.43979408243956
398055,154.80699274139278,107.27567724933392,40.52196119073088,6.229534573607541,419.58925760159184
398715,154.80698978621123,102.34825221340002,32.093044529136414,4.297287862100234,416.02273427613216
399547,154.80698823793813,104.64586284666976,40.371149685253044,6.3547876828864815,420.27968435137905
399764,154.8069912077609,104.95956616524462,36.42096725973946,5.2018670039697374,417.75853664462704
405816,154.8069914227851,103.73655101746635,33.14839433604393,4.480623222034872,417.74306097247904
405855,154.80698682620164,100.86010082338544,33.105388874512016,4.6046439891689435,417.79562433650017
406964,154.80699014769107,104.65171748586437,37.36835160519213,5.457750388610941,418.83557187529743
407780,154.8069839386526,98.63013757424984,32.33178551664089,4.562162409956733,417.80954623095795
407806,154.80698600949782,102.33518951735886,37.90742736712071,5.812372424870282,418.9603281161978
408895,154.80699068730905,104.68742079600871,37.18829796778054,5.50120807060945,418.60044472486027
409525,154.80699079904886,104.19594389446577,35.16520898639926,4.935069446394239,417.79188327761915
410186,154.8069857876617,101.78591375913352,37.87169593215122,5.894873012219989,419.6102935712835
412708,154.8069904906273,103.78803580741356,34.584846579338496,4.820920220270179,418.2586796629952
413058,154.80699314028934,103.97140445307242,30.30891959720806,3.8602451578512125,415.9735051761585
414746,154.80699600693032,106.43402432541986,29.984421077327315,3.6710722385250554,416.21199324922765
416683,154.8069896202248,104.88683414295211,39.116613290549566,5.969540276933389,419.62368796525755
416730,154.80699091441977,103.6374005616403,34.24509123430481,4.780326563198934,418.42584115650243
417517,154.80699021651978,103.72478688335572,35.641356872248664,5.1290054850183235,418.71775909161784
417901,154.80699153646083,104.25707599602305,34.244503540525905,4.717674372876474,417.01274678061793
420257,154.80698156060234,97.50388308552286,33.434544194941125,4.971144499005535,418.07037511431884
420627,154.8069913303942,103.66837645753702,33.00761740420071,4.451234785390729,417.0898519146001
421180,154.80698534732252,102.0064172889764,37.42772763568259,5.626272249937513,419.5685376889
422370,154.80698714812436,101.05870033004759,32.819661955393265,4.523393897248303,417.157995393638
423249,154.80699250038066,106.45074755126781,38.715272832986074,5.723328411783379,419.19977594750605
423735,154.80698581178865,103.23105646606278,39.264520110971915,6.087909973856775,419.58870725513617
424853,154.80698488864624,100.35221126808037,34.2792752819803,4.938444709703697,418.0369544514776
425483,154.8069892328324,101.87259708713633,32.04298556335143,4.308696757159868,416.88576004550373
428230,154.80698235678207,99.05537881278981,34.18563682172679,4.975711324273317,418.18687873768636
428681,154.8069878539869,102.74666300718086,36.11414798752944,5.2419296999580665,418.6745680191915
431107,154.80698956910817,103.72656415051769,35.82631301068398,5.124152873493625,418.57127727651704
436141,154.8069895603758,103.56285884032863,35.261216832979976,4.980293242622908,418.2676004346746
436273,154.806993406104,103.65008592179511,28.36981761020135,3.452144591808655,415.7789905363581
437095,154.80699182914597,105.62716075551292,37.603467194698396,5.538522040126575,419.42840289027765
437733,154.8069892422992,101.19880399118279,30.783974696761156,4.067220258488018,416.9894064728769
438499,154.80698972702237,104.30805250963459,37.69544511808829,5.625540724625851,419.7847683373843
438806,154.80699696184553,108.40417273480541,34.84910587674306,4.678945700669848,417.69077370237017
440432,154.8069914600994,104.13922166970791,34.59741225192144,4.838817076832248,417.8475748032445
441224,154.80699746450506,109.56983069532465,35.77382923582842,4.757582705719083,417.8786817635363
441266,154.80698656892395,103.60597070635134,39.56555011146397,6.160007055350314,419.34026413931525
441514,154.80698999275472,103.14387826554247,33.95362598787737,4.697317254168732,417.165384044702
441872,154.80699141266544,104.74845843191316,36.00676190591914,5.142613174059447,417.87625156620004
442224,154.80698921094,103.42479089929355,35.6672667642549,5.1077175757079,417.5550737514766
442360,154.80699549210925,109.00677823197931,40.65714585772403,6.169828596841805,419.33857971921805
444587,154.8069897033756,103.67404114242694,35.5953294161918,5.051305721028206,418.4350322198422
445905,154.8069889173307,103.1315840587542,35.521916981321034,5.0939750313674255,417.57426936828574
446825,154.806993176531,106.18051828638501,36.43704438086652,5.139424936303927,418.7282897623121
448690,154.80699416629398,106.04626519751645,33.905249469583445,4.54355737278573,416.9145012472436
451538,154.80698801937518,101.45496965043445,33.57713047037818,4.752221612460265,418.9557922524241
456834,154.8069908247002,104.97173584180733,37.753385593905996,5.663556537575989,418.27982608541583
457587,154.80699006516988,104.9950489114914,38.24720632389223,5.665632286300364,418.81940619089744
458579,154.8069869817241,103.50347636313529,39.45006357626531,6.156275284890605,420.93504937336945
459365,154.80699083804328,105.32550435874684,38.17246355023549,5.658270165267646,419.6950649024051
459766,154.80699234414428,104.9160843531291,34.87713183055373,4.872215260184661,418.2207212888459
462420,154.80699201336978,105.18172854671994,35.95677606284913,5.0825820827442145,418.7239929781799
462997,154.8069892416154,103.34213434875431,35.28718483929494,5.001808790512873,418.65412059468883
469553,154.80699327456998,105.86590766325209,35.166885586388496,4.841337049537151,417.36456998545236
469815,154.8069917115348,105.46886827786379,36.984987792054696,5.32088157066941,418.5060186360166
471649,154.80699245411327,106.14137498888266,37.8234776899888,5.4731897615072445,419.12510203388536
472575,154.8069857427486,102.08445624758814,37.866547555766175,5.84137194181737,420.3310773435111
474168,154.80699402151086,105.4215196260449,32.19984209825489,4.187071686700609,416.21096289977464
474733,154.80699356210752,106.15924198626172,35.0251203575633,4.787740856255948,418.1437772879983
475218,154.80698944602062,101.84930353232004,32.76317370766913,4.556593644939717,416.7645146749885
476467,154.80699332902913,108.37273960115515,41.35591361494329,6.283920557908833,419.6573630079995
480239,154.80699319887998,106.57540971420958,37.32756805418948,5.3144647273238625,418.5667731307074
487670,154.80699514132237,106.4683094585086,33.101235338369285,4.338246182936872,416.6387678418446
488277,154.80699063851785,99.56565316059967,24.385454419685743,2.8754591237592058,414.2322454774509
488721,154.80699904244338,110.12493155307092,33.34578733135358,4.173538762134584,415.9865536250671
488957,154.80698509403527,101.9357792184519,38.8566928211337,6.186599488256971,418.8956835583291
489665,154.80698265110854,98.69485515748333,33.32113121449195,4.794415726148124,418.1145745551588
489714,154.80698909625073,101.60922308102212,31.57119690013458,4.216300819278308,417.1074373098171
491206,154.80699413624248,105.8117145397326,33.261912390333094,4.4207413686328545,417.6640683286262
492084,154.80699054582723,101.72145157647822,29.502425525455283,3.7751209244197503,416.12356428302996
492097,154.80699387911497,105.94522618083893,34.859954719236455,4.796326491845962,418.13684107282796
496271,154.80699133086688,104.30895103435762,34.390649370985926,4.740241943053711,417.80287843846713
497167,154.80699035715065,104.29044863791948,36.26191843534255,5.203289511569538,418.35104207345006
497324,154.80698375793753,100.0288031178928,35.03680095616692,5.253568715998585,418.5673910526201
497541,154.80699079796508,105.08468530029762,37.33432060022046,5.438338175723729,418.6646529798413
498616,154.80698766174578,101.88675492838424,34.72369190321956,4.962481757884584,417.9586557363848
501024,154.806986691588,100.11640231890404,31.984501976250424,4.409581477052365,417.5659026979266
502546,154.8069898267842,102.74500000743744,33.742165053735484,4.687198289561545,417.27426231285426
502717,154.8069890489503,102.81385129415567,35.078214499744846,5.0305172307087505,418.22577473807615
504263,154.806987283459,102.35502549349789,37.20653845300919,5.6907791382456185,419.6356836953271
504421,154.8069933776584,105.0643087827737,32.73814671628659,4.332041311726491,417.09547604874
510187,154.80698904472214,102.28973256721704,33.59148571146463,4.669137581825087,417.9708644531412
510554,154.80699402357084,104.41126686813415,30.05254536195999,3.7981504302809515,415.1804061086465
512404,154.80699875929326,109.1159570917611,30.750933827306156,3.6722903361783463,415.9708253683409
515320,154.80699160390327,101.46841310907247,26.665269412962388,3.2081606837212906,414.571838620608
515341,154.80698785403467,102.21854739898326,35.560757683264804,5.167975178382564,418.56707832221525
515767,154.8069936208561,106.28076970116278,36.33684043836318,5.174472281725877,418.14249755344025
516569,154.80698794162052,101.91230990425825,34.5752845051719,4.9548376871697855,419.01924346570854
516750,154.8069893826981,103.33473637995294,35.88877001049204,5.192615643592598,418.5992997855446
517571,154.8069956401585,106.47661517202972,31.38127908195263,3.949197701592976,415.9947731214996
521544,154.80699472393152,106.28674542054212,33.154226417600164,4.349639615765503,417.2652994371685
522134,154.80698742014002,102.23759735970216,35.35454057638164,5.100078578621172,418.0813012602363
523961,154.80699962603435,110.03901236819212,30.49268636613981,3.592916215533179,414.8538139187399
524070,154.80698811230042,102.90742141130403,35.95836722130048,5.208453282101351,419.1749121679437
528578,154.8069867405168,101.42765968462038,34.67067554732775,4.993147775541888,417.8294673275526
529197,154.80699547434855,106.80844855271806,32.4569634171616,4.118952402170111,416.97671146284574
532901,154.80699479701943,107.80361072598518,37.72435209349382,5.398848220053755,419.38442400502925
534247,154.8069884767618,103.70709621181346,37.96795382858455,5.737545753226268,420.17290711105557
538355,154.80698855704034,101.47430394529746,32.95786084695827,4.606608330254031,416.99674960315053
539932,154.80699121650753,100.80631011106001,26.162840994795964,3.1552462101713417,414.5331512909188
541441,154.80698923891717,104.04233099183966,36.828823482703854,5.344293448142952,419.1875301410428
542868,154.8069901947427,103.93562231516715,35.79636973575932,5.119627275549584,418.9351770895787
544115,154.8069951431616,107.95016546355613,36.958781106136335,5.1681247865651,418.0003043029048
544746,154.80698885670142,102.91408370109518,34.60079212122804,4.845282924655961,418.03153756840504
547380,154.80699086871456,104.40528108663561,36.45157854922912,5.326206099051155,418.80509028127153
551395,154.80699589440422,106.19901417346507,29.324770095838314,3.53316666848314,415.67650472775745
552886,154.80699393073763,104.58746934799552,30.077479452665393,3.762469331555641,415.4738972010822
552968,154.8069925991892,105.55298522568955,35.88501264044078,5.079621858267372,418.32713629554246
553448,154.80698980267297,101.94354055109626,31.459893842328665,4.184960115397783,417.0880692383497
555049,154.80699216992622,105.14846676355373,36.05612918626238,5.1235597198614995,418.46940285291333
555853,154.80698548913603,103.02491745102968,39.400564052778165,6.139398787415476,419.9336724821653
558382,154.8069936636592,105.16108642129362,32.38581045451043,4.235702387798653,416.66229520267575
561347,154.80698515343644,102.41586123097046,38.408450083449104,5.921580133375191,419.9015139417023
561728,154.8069895152928,104.19253595913624,37.721083586036265,5.692816842689355,418.88911129550365
562175,154.8069893704966,101.35074167830155,30.795953209445308,4.07022622137092,416.6726875526964
564444,154.80699320818698,105.41735085553582,34.215584918097846,4.65398800630206,417.6458676225618
567031,154.80698585378641,102.0980406217651,37.29496929345517,5.6221775071019895,419.7141807860682
567405,154.80699474841444,106.7656973330842,34.64823681481165,4.712592326483764,418.1964612275623
568036,154.80699132450806,105.1678608104501,37.62341134088837,5.586855172676116,419.67844009502403
574842,154.80699211686837,104.1351924930508,32.86617642757655,4.38929966698478,416.93822513701707
575816,154.80698908699887,103.24705638161946,35.757837455708895,5.140365585310914,417.80362693998586
578176,154.80699159951263,101.91205608651727,27.946668069079607,3.4497428221419,415.3825990370566
578730,154.80698256460568,100.73972391814912,37.135979603148634,5.621621496762807,418.41711203179597
579854,154.8069938055285,106.1979739983271,35.06800362538438,4.797336464367203,417.87143280866394
580622,154.80699075755373,106.09318564743158,40.51949733663592,6.269772991215838,420.0654019027911
581368,154.80698542705989,101.06944779167996,35.50586884860539,5.2210241806037745,418.7763524002477
583958,154.80698885752713,104.28414498598612,38.2348984304182,5.722930853794001,419.428675507394
585306,154.8069941338369,103.53452325819588,26.659474009264738,3.1502800366796873,413.7566859133634
585721,154.80698499087563,99.46891518291103,32.50871434509255,4.562032380742896,417.9785880566958
586952,154.80699472959935,105.00110547573779,29.73337453336086,3.7158935334863985,415.7120968138378
589413,154.80699146185756,105.27424550186697,37.17678181432608,5.406645726973188,418.9181121063317
590859,154.80698733597842,102.01492308218204,35.79075171657014,5.266357189857746,417.99106260564486
592041,154.8069877378127,100.63074692777599,31.6169649405217,4.286223336423339,417.24487840002524
593989,154.8069820252572,100.87305679864329,38.01114817060868,5.8697366077029445,419.7785606613504
595578,154.80698803029452,102.32279368523277,35.401550048649995,5.177208178187925,418.2065375650517
596053,154.80699453777814,104.91481311733455,29.580557124490248,3.6534589685791974,415.90359898489294
599045,154.8069873771297,101.70884349813227,34.193383543687574,4.836570699288546,417.96949145358326
601402,154.8069922527058,103.09244270186723,30.266340794311585,3.8947247954032127,416.51313147108687
602246,154.806989915986,102.25793302665471,32.43624636590139,4.395304280792867,417.3933780126778
605491,154.8069921102348,105.43190919094324,36.39483390936182,5.19702841046045,418.3262527271829
608093,154.80699027909804,103.52196069202685,33.90155731381496,4.6581995522399495,417.31627167373057
608158,154.80698886688566,104.01533096029189,38.334743918689554,5.795152786872288,418.6251826373408
608335,154.80698544887042,102.67126932388388,38.9898697108916,6.080321279126218,419.7265856350724
609394,154.80699357970212,104.37415692738382,30.55907553058268,3.891900348450939,416.8755199826486
610638,154.80699033359426,102.49390652045712,32.625301540766415,4.46889799846801,416.7164088022734
613054,154.80698436393752,100.4226375358354,35.19481948130204,5.176128833750463,419.1131604806146
614842,154.806991386062,105.79652911092181,38.26722030364035,5.654213404460925,419.6154856090553
615956,154.80699265471816,103.24784935377265,29.12491311908505,3.6287409657971175,415.9193254543809
616387,154.8069862315375,101.38556908464912,35.42181455785772,5.17800241134164,419.28499613451663
618619,154.80699223051786,103.87800444737692,31.90546256512131,4.193202959658445,416.71847085657726
619951,154.80699420265466,105.71695379304217,32.70545504060753,4.277300244452956,417.16237667173317
620357,154.80698945352432,103.5968305751919,36.28078708415885,5.315843630750943,418.26199018651073
622126,154.8069905946662,102.56607194592374,31.684010872896025,4.202221590553491,416.5369883875473
625784,154.8069922726433,105.28420272933714,35.97636101427444,5.148788057821772,418.11179654422165
627297,154.8069917752463,104.19784079694693,33.45382012154632,4.532405438353973,417.22897860798
631067,154.80699237526133,102.73177900425799,28.586780660462225,3.5486778645350525,415.48869414473313
634354,154.80699562961095,108.09091958375603,36.831699362500224,5.15960310881719,417.53326232120224
634963,154.80698603857002,101.5061067413456,36.30959870659472,5.488268982003423,419.2094363718286
635627,154.80699308990023,107.0211447888047,38.4781078602302,5.615220433560838,418.78818282062315
635645,154.80699348123233,107.94012120540948,40.41029630016684,6.0902437225550194,419.31546329339267
641153,154.80699228301438,104.28432756553926,32.63904739347708,4.33391211279176,416.74535147773486
644677,154.80699238839497,104.67221871031278,33.82865724497991,4.605464560134893,417.634892144466
644711,154.80698792786572,103.03762472312268,36.59724812840309,5.349829177781662,419.35584152621334
645916,154.80699582847407,107.85704673007088,35.553388389656966,4.830010183435672,417.7197576029389
646996,154.806989925967,102.92096857286403,33.36443893440806,4.557989560740149,417.5488079948145
648534,154.80699264437632,105.27579969827777,35.119720305685675,4.876038671060106,418.66887552982257
649611,154.80699177345045,102.40179198819132,28.99648785320994,3.6446716727466577,416.26813548751835
649922,154.80699141632735,102.54158938257137,30.235446191971434,3.8961164110139843,416.2699550183579
650138,154.8069941845355,105.49645147739001,32.12179193395437,4.159591629417768,417.06822726703666
657517,154.8069926241489,104.07531416715474,31.9589755370231,4.217076984250013,416.8240121612538
659426,154.80698938016897,103.34053113077887,35.43587890280565,5.072532411348386,418.759096432965
659953,154.80699298374782,104.54878142989524,32.091473190876954,4.220088852499835,417.12893101681095
660337,154.80699365865505,104.65276446386406,31.017152246992083,3.9593502553833115,416.13382210891524
662347,154.80698671513932,101.24613821609839,34.1585333110617,4.85692035845042,418.67831343314555
662929,154.80698638725983,101.40120016099763,35.02980689763301,5.0743703594877605,418.73352586043467
665298,154.8069841641607,100.14212895046369,35.09831699067546,5.173360028315341,419.0343748149873
665722,154.80698493554397,100.29080400206924,34.11294428853431,4.90979876435058,418.1504668167025
666955,154.80699338933886,105.05991304370474,32.87240212187159,4.335842496472451,417.3791362407614
667362,154.80699780511662,108.7718083474693,32.68439197549619,4.116173045350459,416.9304923139591
667519,154.8069908933033,105.61785383910166,39.41274926686731,6.065604546778363,419.7057766708127
668227,154.8069890182343,104.95772371072347,40.62631898578946,6.51567013018665,420.21111953593584
668467,154.80698734458062,102.51889578282542,35.678307109182455,5.120690319992015,417.7652027882548
669803,154.80699148948233,102.7402175621031,30.39766861668638,3.9214274218083607,416.2445504812291
670493,154.8069951058836,105.56265825131223,30.048692504262252,3.7118964135712154,415.4131992816044
671644,154.80698970644468,104.33578837361135,37.15991199733851,5.4068992599146934,418.18274771317573
674421,154.80699735696808,109.17890375852407,35.70856894707552,4.767545593212715,417.5567285237153
675582,154.80699206619326,104.37513248987172,33.47380779495317,4.540734606682673,416.76773399100705
675845,154.80698524555285,99.79957996715727,34.47136891587211,5.137282311694873,418.95063002176187
675920,154.80698741345498,101.27708080388501,33.187611368832656,4.619839258202332,416.53999324382494
677450,154.80699172651222,104.80009658446933,35.67190761648787,5.048607107569521,418.68279752887963
678200,154.8069915124992,103.70249173362946,32.942539011533945,4.436548761266358,416.2461486195034
678279,154.80699810382103,111.73650338949265,41.46341304802042,6.0470362209026005,419.5866332740262
678337,154.80699311325284,105.63773125694371,34.75413634511348,4.758053790481989,417.8499013111327
679727,154.80699075969207,104.20098531772997,35.49142576173954,5.0253903869815595,418.4848233217675
684225,154.80698683979406,101.90727588060147,36.16763894037735,5.347286850874559,419.1594039698467
688179,154.80699373027173,105.06721477214734,32.11033881904906,4.1719117331514415,416.92502416931643
690329,154.80699299392387,103.72148360221713,29.492836343853316,3.6789834671723596,415.29029273803485
697412,154.8069882522904,98.23294431346261,25.35581677694077,3.078101200380251,414.91500305508475
697436,154.80698502020599,100.9224722194154,35.13152383143591,5.1017960292214095,419.0508062765482
698534,154.80698729908912,103.07503768679152,37.093113291565885,5.496513865711417,419.4137666549068
703628,154.8069912507494,104.11515649007494,34.32161630686109,4.742194180395649,417.4514159259285
704893,154.8069915146458,103.53660542592493,33.132207815968926,4.55451764824025,417.34386703109493
707646,154.80699021700622,103.2343271278735,33.467233142788125,4.5837189806898,417.1648560328392
709178,154.80698620928342,101.86390650651336,36.00897337227405,5.28704048150568,418.15279705441935
713386,154.80699265972672,107.97569515067964,42.30710918281486,6.707336218234923,419.55474129497884
714275,154.80699129837956,102.92506032456598,31.63815814955977,4.208150115208743,416.7017190185677
714327,154.8069821827762,100.91244111990801,40.774213730265885,6.92520561954896,421.1789127715143
717039,154.80698204799262,100.41423226802922,37.34052574617639,5.748405135604974,419.24906548955107
718527,154.8069931246891,105.80994563627591,35.19773733287593,4.8460558897186035,417.81225166500496
720138,154.8069911022648,105.44446058819885,37.8155027218284,5.537830650943004,419.19863185447093
721530,154.8069917624807,105.3523923520725,36.71278807000977,5.2449286011803204,417.8071691585192
722827,154.80699038481558,102.95399135282626,32.946231541030365,4.480897019475809,417.55242348172044
722976,154.80699232309522,106.06136131260675,37.76968628337463,5.478411375129427,418.6366132506066
725776,154.80699424054063,105.49998997247926,32.02522124630771,4.140978433045287,416.2442227197221
726030,154.8069854419601,100.36516756061735,33.43171307359048,4.702285108298634,417.9873856216176
730441,154.80699469061068,106.89925245344443,35.684191830424595,4.968507089387446,417.53187869760245
737284,154.80699405270136,104.44308577980165,30.1559714023384,3.8231423184527173,416.29341670243144
737587,154.80699001398935,106.29579841686125,41.941821014945404,6.669254351143972,420.66994572599174
739753,154.80699299843045,101.85117817374996,24.869342539991315,2.8717372689518124,413.3157774577595
741749,154.8069902551262,105.06639746330922,39.198530558152115,6.018781323732556,419.53027230075986
743557,154.80699040310586,102.87927409748977,33.591164482272575,4.683445774510431,417.44168209349846
744115,154.8069914417032,103.31482342270576,32.028497637809515,4.258578624431278,417.09376641323615
746422,154.80698949775575,101.80420922762286,31.853847592971483,4.307134858672135,416.96812300342657
746788,154.80698911228575,100.63612291850349,29.365410714643907,3.785127376496816,416.27980918011895
747734,154.80698489384596,99.12631764074683,31.581759404715378,4.340466707944262,416.44351989163715
747946,154.80698856845567,100.95733400497373,31.18956649343505,4.1720615934734555,417.4494650474322
749409,154.80699171799728,104.52486120945393,34.78820414181942,4.856050553674705,416.60072430795157
750378,154.80699446917183,106.61825112278699,35.868264950426486,5.030489061216307,419.09865723887697
751423,154.80699559376995,106.99203848051647,33.379512713225694,4.376322615667687,416.85175901942523
753631,154.80698796266128,100.51966509636128,31.32234935439999,4.240542223627348,416.85259843662084
753863,154.80698872404884,102.81279597466786,35.82386191770061,5.204900791409534,418.9517850994546
754115,154.80698912281193,102.25411494669882,32.70866206908133,4.446289532721621,417.8747977416592
755528,154.80699311649474,105.55880064828807,34.956648422698095,4.811437169987224,417.03520218444953
758142,154.8069905624707,104.70888373088556,36.67274784446318,5.266131610150449,418.6911449183458
758366,154.80699106030147,103.59071950525181,33.372992894566785,4.55913468762119,416.6748503123674
759122,154.80699177962265,105.11338790723902,36.676570560451026,5.308488424783549,419.4318932345933
761740,154.80699086585076,105.88430459327996,38.875249574503734,5.736150297832457,418.4257035077885
762439,154.80699305200676,104.73276934453932,32.92615460799367,4.404955613763785,417.00636787838516
762543,154.80699013420912,103.72535289278345,35.210506956181064,4.973082475281993,417.97662188596803
764149,154.80698977385603,102.87767843837442,33.891111724911255,4.721112015027126,417.58003572856376
766253,154.80698474486903,100.53386807672975,35.555539689706805,5.303001042318069,418.9855907702523
769835,154.80698446361833,99.19518816713885,32.5951703579225,4.594111663795691,417.7031504009956
771812,154.80698958882599,101.41600180442126,30.364444830254964,3.9631876441215903,416.26642254522005
772795,154.80699027452962,103.46951986213504,34.43791773445382,4.8129287912958185,418.42221468506636
774092,154.80699070537395,104.47805694981908,36.448183468427146,5.253475254095412,418.61989829332083
774099,154.80699140459146,104.63417364374061,35.53123681093759,5.012959125011043,418.2302859584487
774391,154.80699241541615,103.54385797692059,30.687200749850593,3.959733396885846,416.7073187689383
775100,154.8069853526728,99.9322930067919,32.54144185545813,4.505876257913651,418.1275181783078
775102,154.80699342944914,103.93183643782699,29.372531597809225,3.6457169905610645,416.2579874026239
775138,154.80698882989358,102.93900931226032,35.15890715624332,5.017327998964564,418.7919740504762
777522,154.8069910155432,103.9351195373793,34.102416278659845,4.691623075515393,417.97491023338745
782648,154.80699743416366,107.35110616534602,28.619501435853483,3.35464509137823,414.5122816180003
783197,154.80698750565455,101.40516287393427,33.25594797582499,4.616560300627056,418.08224008780877
785535,154.80698841950922,101.46301968875316,32.487365382397705,4.4415182857456985,417.1157448992542
785687,154.80699554538458,108.57436314861481,38.03043581348891,5.364127006748196,418.4546475873248
788158,154.80698953188346,102.71409210410258,33.43261896631942,4.588008168152058,417.74592896559125
789138,154.80699579712908,106.94657998081566,32.969641706187964,4.285205426037733,416.38949143663075
791495,154.80698863121876,104.52593108590303,39.13304117130326,5.959954899882741,419.7631126037512
791911,154.8069956188982,107.12129990890203,34.628328340393594,4.689044397330283,417.8776705515866
792138,154.80698605064714,100.43187429480395,33.30507762811376,4.689541424254152,417.86432818244964
801055,154.8069938781706,103.12223897428726,26.56735838142752,3.1453569041158262,414.54657141103814
802100,154.80698925631066,104.39862795705228,38.133416788412084,5.714142004227772,418.96742822454246
804013,154.8069888254411,102.5824024262961,35.09657162900899,5.085035861147626,418.20665348680757
805573,154.80698940809887,102.43750890316745,33.65637486279585,4.703103610603176,417.33118412655864
806399,154.80698350989667,99.47086227512452,34.05849490539971,4.935552322392121,417.8847384912516
808953,154.80699470005038,104.66144223631643,28.840532168938662,3.518349914121884,415.6468634370595
809077,154.80699269064007,106.89415864156385,38.77413748088623,5.697651413716347,419.08478428535443
809275,154.80698789984075,98.15647728848911,25.656245811775417,3.1381597208164127,414.652866937091
809979,154.8069819321406,96.65698277285567,30.201807422562577,4.137439466414497,416.2170662386557
810040,154.80698767993232,101.46619609198888,33.3813403231974,4.617466719018532,417.81898455676344
810079,154.8069938997763,106.26048028868118,35.884134139263416,5.089062049736367,417.79624626307975
812314,154.80698858680844,103.42126489296989,37.270894264258885,5.516835748543543,419.8568883151452
812898,154.8069886707598,102.35355667329199,34.34518913274161,4.872685154830622,416.6877883317601
813290,154.80699603962682,108.73295208838381,37.77642214831668,5.312083343247674,419.192973147263
815290,154.80698596310316,101.1300545259851,35.853789508480695,5.418932617982865,418.92653870432866
815420,154.80699162089135,105.86034261420832,37.90715829199955,5.546340522560639,418.76686624990447
815595,154.8069884630827,102.42696347686682,34.58740837450998,4.888900310985652,418.6072863372681
816037,154.80699328399314,104.90096141971135,33.23931390350934,4.490006840700517,417.64098182678356
818239,154.80698402210567,100.52705002486275,35.84103983925214,5.345772080069708,418.52911258376594
819294,154.80698800538875,102.7437509090938,36.709906213249035,5.505236579401337,418.4740187802679
819755,154.80699385518128,107.43319101046161,39.04760795169788,5.803954820275823,419.48642901859125
822172,154.80698473673394,101.5997341129097,37.14009922790619,5.609315755699512,417.8075921549806
822600,154.80698897376382,103.66951860680828,37.915877602340885,5.753382077143906,419.3318032154549
823622,154.80699187969702,104.5701691074602,34.28740375570695,4.692096854719438,417.06681055146964
825223,154.80699445979099,104.48233400314764,28.91149819256835,3.541540068350327,416.0775956298809
826343,154.80699412055878,104.49885254108707,29.862653173505386,3.752114542077374,416.59910623643077
828524,154.80698775868726,102.09323200082152,34.970656209220024,5.041092514314166,418.0506965988608
828742,154.80698562157303,101.87703842879425,36.35882566963914,5.348397793033192,418.79257298330344
832006,154.80699299459448,104.78459254528414,32.757300630667245,4.339446525653382,417.1536828278597
832271,154.8069917730711,104.39962334066489,34.48739803218793,4.807780555507613,418.42232222210305
833565,154.8069895844172,103.22842331156247,36.09927645905049,5.367320827058562,417.53363079703536
835717,154.80699344005743,107.2996235387345,38.38019043440091,5.518029754658631,418.30561464696484
838316,154.8069957824136,107.71771671013019,34.49069270406447,4.570148859837613,417.7391455848816
839186,154.8069901920691,102.70396891108163,32.81685462345423,4.448741531270876,417.8860853639535
841347,154.80698871073724,101.90241524300042,33.15211119280398,4.571050702665826,417.9092561850275
845628,154.8069948481027,105.93538204621238,31.71830990293493,4.052655008683636,416.786146338829
845904,154.80699083967951,104.70419082031135,36.419589498539295,5.218021557971798,419.03287034907663
848077,154.80698843268004,102.39123219989132,34.71635362536968,4.93743096249138,417.3247935691129
849324,154.80699099012293,104.2423278320314,35.02086377571328,4.898384019620973,417.8811646757051
849719,154.80699069198585,104.56169204553908,36.974375500395496,5.446199243461095,418.91379183639754
850574,154.8069888171909,102.243720688729,33.619022232392986,4.665388574749952,417.50034950469
850949,154.80698765580973,102.00890573813805,34.356531398533505,4.850753102829426,418.55786204138326
851280,154.8069944818765,108.03427341202314,38.50397384097927,5.52841714554288,418.71515651809824
852550,154.80698712213672,102.81513805567371,38.03974826027647,5.856432114467973,419.03010675320195
852685,154.80698976754934,102.49264472751341,33.09161880958955,4.5358304482535035,417.7557507839697
852969,154.80699276975065,105.72199864473617,36.349631897255456,5.187673626301054,418.18803353627345
853138,154.80698399977982,101.51601227375266,37.380977779335346,5.626031876106905,418.97335637703384
857056,154.80699451460458,108.02151601000247,38.98245177935216,5.658255115162964,418.27935429598085
857229,154.80699049044756,105.01508610846834,38.08759986456601,5.6471722669108,418.77404250639813
861121,154.8069893931004,102.99139126625862,35.13955438830613,5.064126917848944,417.7941459471501
861227,154.80699014292523,104.93733147803424,38.118167410084745,5.663983236734447,419.4510818608195
866225,154.80699336639555,106.37622122479407,36.34531885440129,5.099209103836536,417.6876861605261
866805,154.8069961406811,106.9506348916796,31.84901124876919,4.039665293151609,415.86670033935616
867317,154.80699842363498,109.49980509405037,33.10727698042508,4.164440178473255,416.68397091310675
868976,154.80699160868545,105.64978621296446,38.79499011884355,5.905430505932409,418.73248661436537
871519,154.8069925894676,104.5856924972348,34.264912087336924,4.808071970600414,417.3109396817399
872692,154.80699094087655,105.43057985515107,38.466280533515224,5.720224895446772,418.874116181673
877112,154.8069928598832,104.01608549014762,30.9483764748606,3.9715054275673523,416.4506976775665
877941,154.80698449351098,100.6121505993064,37.06180545754355,5.8479814308887175,419.4642984503047
878138,154.80698849390964,102.59504342602075,35.67847962131198,5.186760207375923,418.12705649276927
878761,154.8069854369657,102.60914032172944,38.81124536747628,6.031282571804206,419.8182776988002
879323,154.80699215171668,104.16876177973825,32.668031698402764,4.343593420710265,416.96299959243436
880191,154.80699152376494,101.67199510148282,27.755853918754667,3.4253317746893592,415.37491435925983
882560,154.80699113569054,103.17782143062986,32.431346124739626,4.358535182219255,417.28847504307515
882882,154.80699194632524,104.41852060908853,33.910837274054785,4.638309286448528,417.0625039179715
883138,154.80699077225597,104.81254347229314,36.54120738856234,5.23309062564804,418.9143030191818
883483,154.80699420208128,103.63129510676536,26.631962246986255,3.1445455093353827,414.7873783073926
885883,154.8069884603586,102.35182561458957,34.066481623393095,4.751770484456691,417.3477122922159
887607,154.80698842251033,102.2862080093711,33.958769380638486,4.73415216988766,417.4451566388262
888493,154.80699105090497,105.2878093892223,37.64564013613921,5.5077018650912715,419.1907501483878
889185,154.80698478872267,101.68229218871036,37.09457677302488,5.540064784851083,418.7551974941401
891929,154.80698387049654,100.64831405615084,35.87097410059735,5.323559342348288,418.1716148342217
899202,154.8069946179141,106.91661413318657,36.161707918839554,5.075883345687576,418.66784363087424
899394,154.80699123160085,103.25607833288258,32.67167916730431,4.440033064533753,417.10592007116685
900764,154.80698956696148,101.54453868905306,31.24713652512056,4.165326605850322,417.10125855157514
905120,154.80699382392967,106.6139309341486,36.53285345527963,5.146533984182319,418.4874512565817
908471,154.8069918417579,103.69910068215648,32.55202204557299,4.377214413884517,416.4250335158235
911121,154.8069928723886,104.25163131606853,32.19002684502521,4.270629041070515,416.9614133398206
911283,154.8069885040467,100.43581888172122,29.98845749667472,3.9293409672588213,416.43942906896535
915188,154.80699562200616,105.63222453817829,29.030168207913484,3.5434550021543227,415.71776727699853
915871,154.80698419439457,101.06400271294335,37.153558887441406,5.701624007355933,418.93567715651295
918463,154.8069870399943,102.28135678807479,36.27195211542149,5.301964200865846,419.7090640976911
921583,154.80699457502797,104.05272791239857,26.99425020895616,3.1897092964188514,413.66718885891027
924745,154.80699066520444,103.61662017545727,33.5323025589902,4.571024615714468,417.17956211397563
924991,154.80699042381278,103.76203205540342,35.27490171746833,4.986300374704995,417.23889413305204
925864,154.80699004571449,104.14484787015911,36.25977375998305,5.222464736631867,419.0587794692042
925899,154.80699041811388,103.10211936295698,33.454552231016976,4.630599098044208,417.8315117128667
926206,154.8069899182245,102.7344177081869,33.246950930735615,4.577112248260877,418.1285145151084
932039,154.80699233676634,106.31566091419165,39.4780366621298,6.038524037477275,419.13706294870326
932217,154.80699220804144,105.38403997019047,35.7189553458833,5.011222884259484,417.75196288571374
932602,154.80699227809313,105.20539558940631,36.32475266251481,5.207999871526156,418.37235429294765
937186,154.8069962767405,107.5214363752201,32.79060604322438,4.192784733574636,415.84586590565914
940417,154.806987955578,101.4617184212605,33.179733926979495,4.630802348055556,417.361485303548
941666,154.80698762070543,103.63036724871931,38.07643824929977,5.7285030791819525,420.07919783496493
942110,154.8069836590702,98.80773655135326,32.61858304859399,4.606092687886574,417.5157982551491
942413,154.8069939865861,105.38582413540888,32.11537193132195,4.162105305154577,416.1418722729313
944638,154.80699150556302,106.22563126374743,39.593641775445946,5.964363633251888,420.4177684233375
944719,154.8069926035395,105.79497073837098,36.39814548544072,5.151998286444786,419.05556162794744
945546,154.80698650213793,102.45038581826248,37.91540901747305,5.896678508568057,418.62576570215276
952511,154.806994433933,104.55302875170669,29.08449294797593,3.5905627876863835,416.2451790241072
953662,154.8069915696653,103.09738984561753,31.81525388132411,4.243741557317953,417.3772269207303
953757,154.8069838747769,99.83258534363564,34.11585839205408,4.924750620323462,417.92327490089144
954721,154.80698759487376,102.40523957326982,35.41441371624544,5.06153490041239,417.8124458394732
954901,154.80698839287635,100.84421891523823,31.158907434758266,4.156187939008573,415.65486887331866
955388,154.80699098089377,105.26577842383305,38.40048795649489,5.708670580978475,419.80739297933627
957932,154.80698640817482,100.39052887562303,32.68184915646726,4.536220808505286,417.87645797393316
959413,154.80698963679808,103.51249531260419,35.37636641076149,5.046156068407112,418.203283041668
960753,154.80698803678234,102.56535112863457,35.26294442605043,5.049613056559615,417.70941059715074
961090,154.80699256926877,105.35292517152027,35.46498515816933,4.948399208889726,418.38778924639377
961331,154.80699200713107,102.9167880106275,30.21693092260431,3.9083444822996247,415.8499157429213
962020,154.8069927872345,106.9989638100912,39.8388531521618,6.059595422756886,420.15462636566156
964835,154.80698970779488,101.40192174041793,30.252917636082312,3.9402823380120853,416.04889825856486
964893,154.80699097852752,104.01989595959361,35.17191341262952,4.987024632075187,418.1437036975341
965555,154.80699108218252,102.87214531486276,31.27814051372108,4.079233196767745,416.5798908385521
967636,154.8069874056574,102.13230337406452,35.72712737323241,5.224297999631225,418.51104672831514
967926,154.80699273864448,103.9473139785834,31.338542305772773,4.060371725933157,416.3894350095684
968364,154.80699090117778,102.93968858772809,32.476948245219866,4.402564926433798,416.5651729469803
969660,154.80699001289378,103.59143705896396,35.12585997275656,4.963463821306257,417.80454555793995
969855,154.8069918536878,107.06014923329973,41.32683549789508,6.434374691809536,420.6941583889271
971093,154.80699618900994,107.33266095608948,32.656518386000094,4.177713921142199,416.0503487149199
973617,154.80699147463022,105.155536996892,37.25282762184384,5.4806089465740735,419.22910308155673
973831,154.80699204717482,102.64192612339467,29.20872467230495,3.673744117400914,415.5712202709424
974620,154.8069901918924,102.2398867470659,31.31398605741506,4.1361960141767025,417.43477941216133
974964,154.8069917580809,104.05376231902625,33.71769892666397,4.637215849296508,417.5897337534599
975757,154.80700071236765,111.94618613766653,33.58138865504001,4.116866835014719,416.06611330859687
978467,154.80698966254138,103.00049732062855,34.37286798901639,4.828425458981865,417.6707381858364
978613,154.80699611512176,106.53820495388412,30.474585867435263,3.7635348328026046,416.09194906283153
978862,154.80699216523007,103.32982887164825,31.1265946240411,4.068919185761342,416.4020324622868
980698,154.8069923290209,105.7060495243352,36.70376051363983,5.258511439280951,419.4212523801524
983330,154.80699749383606,109.11709908846868,35.13061995533082,4.674348681449705,418.05673428245393
983454,154.8069964811075,106.67026553357891,29.33107749726472,3.5210895511773077,415.4977201301142
986106,154.80698772333767,101.72327110949459,34.68990533574075,5.019903007579866,417.2050409113081
990387,154.8069943964196,104.12471680684162,27.512799520529,3.2778084397238056,414.7603685009607
993236,154.8069898727942,102.62188453984804,33.37341582308154,4.601564885226529,418.21029192089327
993837,154.80699453350684,105.53224135552752,31.227904091609307,3.96595763581112,415.71553938295403
994890,154.80698480025748,99.50519436715878,32.60327018151156,4.5519789796178705,417.4526858390655
995111,154.80699069512477,105.62966011720906,39.84451184370486,6.192653062419088,420.78251353576
995807,154.80699616347525,107.59701876781655,33.33460574361277,4.316415218313251,416.18358746797935
996455,154.8069928461149,105.82349461559845,35.52814813355916,4.918678154795625,417.950643977959
998161,154.8069944178969,105.1631642680425,30.998982991857826,3.9604311691160796,416.2270545966313
1000720,154.80699390391229,106.89973217845638,37.43919267289305,5.431282759348882,418.9629731041231
1000994,154.80699048274036,104.70660571748822,36.89934684470495,5.342688810215451,418.6000849011899
1002969,154.8069914047613,104.75463045463077,37.01410352607691,5.499036235078564,418.59799792040064
1005821,154.8069894050171,103.8851244964183,36.90305877760324,5.41283619771886,418.9909707676426
1008028,154.80699150858973,103.12307190429664,31.235621855177314,4.072866605538216,416.4030314505361
1008630,154.80698616017244,99.67432587364945,31.23187936638384,4.2313325249995115,417.0434995013643
1008935,154.80698835618855,101.7713294910375,33.66824524352544,4.705154223385215,417.8481603597069
1009409,154.80699477847472,106.1495980964822,32.92827093871094,4.306421180723777,416.9563380839765
1010205,154.80698577088023,99.41943479737051,32.43815278313817,4.585066607560293,417.09671474189764
1011649,154.8069870863304,101.64002443009105,34.36694199043525,4.865527321003122,417.60067515112945
1011808,154.8069908349391,102.12650601661952,30.005151062182538,3.8544645162221007,416.23387050959343
1012553,154.80698949483633,102.12811138613628,32.290031340943926,4.354502526968049,417.7742991268161
1013908,154.8069918439731,105.43266558700917,36.74840189135141,5.274197862818667,418.7527124283668
1015492,154.80699183538633,103.43137035406372,31.88527870201724,4.214336255975033,416.78914064865825
1015904,154.80698805388002,102.81109838829975,36.5702090592986,5.46769603062408,418.4911475766247
1016943,154.8069939093451,104.6290318815961,29.94993723658027,3.735195874933993,415.3243479002207
1017758,154.80699017334425,103.25027394829262,33.96045213494326,4.707797535349494,417.70969618173285
1021390,154.80698790254456,100.84501526773585,31.6413925953012,4.289126260736869,417.56257683365504
1022339,154.80698840458493,100.0981564552873,29.39220688961865,3.8258470746119175,416.86355571177774
1023315,154.8069863595504,99.69255056462198,31.13656007185398,4.21234770891191,416.93652153496726
1023906,154.80698837006983,103.4006964523687,37.742401196557765,5.711729331211974,418.94415469382136
1024440,154.8069878457651,102.8331494295895,35.998994580448475,5.201392065365428,418.3926911049621
1024521,154.80698589137398,99.96876498686117,32.78630986638577,4.59463006029223,417.4201568921896
1024751,154.8069920272205,106.24576807701888,38.437414961794865,5.648932676420522,418.6723078019513
1024817,154.80698801018931,103.58163202636051,38.5858937063361,5.943032013137464,419.9438584246791
1025403,154.80699807595738,109.8447289645083,35.01436448370391,4.579105772821757,417.1366701708415
1025785,154.80698864685047,101.76370324583527,32.69879326454366,4.495607526923589,417.44731336087534
1027344,154.80698946466876,103.62755748186018,35.80839070184268,5.141738769110181,418.6955601727463
1029923,154.8069859186824,100.69052096186385,34.435007571312305,4.967140716452203,418.3292382949196
1030940,154.80698710478197,101.4450842121608,34.53213232119141,4.961625035643472,419.06688644541737
1034569,154.80698736621073,102.7442783719289,37.39128410200992,5.6401946748638565,419.8510492800277
1037162,154.80698594435722,101.02467074512157,34.612563704698594,4.980762416494524,418.328282131384
1037196,154.80698747673603,100.84300893139624,31.956446183560704,4.342968897041785,417.63341692394806
1037763,154.80699143046337,104.39218844474848,34.38495540486221,4.732768018993632,417.6369289435863
1038924,154.8069840702117,100.9206630558202,36.3466858919681,5.421525366626767,419.14161380889084
1039973,154.80699156532754,106.11503547768972,38.99576270327054,5.8428887709450565,419.072622587778
1040084,154.8069941810135,105.38365289831754,32.07462933487358,4.157152294812889,416.8175097257705
1043049,154.8069905706223,103.20037316442762,33.15105179945225,4.5214500965538,417.3425268920444
1044151,154.80698794119132,101.5711781048556,33.19127598905884,4.614571516312479,418.0478878193609
1044731,154.80698799763562,102.43219476053712,34.76496053655293,4.92137480697606,418.6759328699166
1046031,154.8069896801892,102.1903853414204,32.384417629571374,4.398595421591747,417.48257631660186
1046776,154.80699470260333,105.06342470034055,30.005002527444883,3.725206699186835,415.3292631960052
1047354,154.8069876540045,101.75638819961034,34.18205965607405,4.831319693638748,418.724264932124
1050153,154.80699112169634,102.9949505426351,32.14991827456197,4.314103276561387,416.7719958824441
1051624,154.80698896728774,102.82122047675233,35.56702506586176,5.178248366393131,418.5180295725658
1052727,154.80699027953773,102.03841949702026,30.857459075328222,4.0522361139140175,416.2697311628349
1054837,154.80699114728725,103.8043739328698,34.169920126635816,4.760512616015849,417.7195016113501
1055190,154.8069912583366,101.24399336707204,27.27280186073345,3.3533241094691846,414.24009487760657
1058144,154.80699216227066,102.7316757224008,28.968808711538234,3.611984568334207,416.31400688116025
1063266,154.80698868543928,103.3445040093176,37.00635801314172,5.495032901925183,419.22262412540954
1065720,154.8069860967022,99.1984093687773,31.10217589990416,4.282301676073348,418.2088687873362
1066826,154.8069916494953,104.95035699688646,36.2475720556336,5.297884649179485,419.7603064566795
1070723,154.8069920083346,103.37083661677313,30.791691337632223,3.9784233368113022,416.8230987134583
1074536,154.80699600258876,108.78660239232892,38.206680746092985,5.522886546586457,420.19906991569076
1074613,154.80698892265283,103.53544043860445,36.14633118652731,5.148546912910621,417.65208766119014
1075686,154.80698818888334,101.54097293550998,33.33212645003288,4.682515411659897,417.98754440681716
1079368,154.80699138619843,104.04853779981003,34.57110042269734,4.8976106751801405,418.1346450948811
1081091,154.8069920172602,103.87345128863187,32.238640427170466,4.2642618170903175,417.6126622274429
1082576,154.80699113360384,103.34225141078826,32.1191704156435,4.258233254890217,416.5393918341844
1083144,154.80699061845152,102.8972419468393,32.37619220226943,4.349083881632912,417.34258417511325
1088471,154.80699000535748,102.44840034685315,32.33735336986564,4.341620615932896,416.6678921181764
1089202,154.80699387074873,105.18003944473521,31.98174771457221,4.143591651050719,416.64476134576273
1091154,154.80698778054384,102.14770874743523,34.54004246331485,4.877784093796334,417.06034384005255
1091425,154.8069959464775,106.7683853755772,31.47806655436356,3.9699856688451716,416.212501104795
1092033,154.80698945844026,101.53846303161438,30.633200063616993,4.013255738101133,417.09308144101215
1093442,154.80698974491008,99.56833040470896,25.585973138965507,3.07662265086925,415.0616529924365
1095145,154.80699006083742,106.33745981836391,41.86210961160577,6.6978600915153805,420.86464228292874
1096682,154.80698880982942,102.72103327165291,35.22026484295691,5.0882560700789465,418.43709651838805
1097039,154.8069961374432,107.26315823886792,32.57543697955391,4.169245435940531,416.8457386334637
1097709,154.80699126671487,103.02912356056248,31.69335311918864,4.176985275436531,416.68125083603934
1098073,154.80699548675037,106.58693647054703,32.56767252745226,4.22396609974282,416.61366970653387
1098990,154.80698566073477,99.80202433981638,32.96854163751926,4.688343859464327,417.6911572808913
1099285,154.80699316708646,105.89187846116397,35.33227097036994,4.85677677451191,418.79178815157024
1099543,154.80698976452106,102.60497806798777,33.756718335532874,4.70732274404067,417.1340928367762
1100564,154.80698779441164,102.44411585357922,35.3593037575554,5.061755014165761,418.76716202961563
1101051,154.80698809471926,101.11744001590856,31.65269762953961,4.253780786311543,416.68488544263454
1101821,154.80698200393306,98.67280495838085,34.38156584116543,5.109069668725195,417.9393195138999
1102062,154.80699034746817,102.87843304499138,32.57151589598184,4.387251322114986,416.6881745857874
1102741,154.80698881349724,100.24118303869584,29.383710340523486,3.8203516242112885,417.1043167390193
1106036,154.8069859407258,102.48113149814725,38.48592674565441,5.945105817394558,419.93157325966314
1108556,154.80699160982252,105.09188191365108,36.33531691560845,5.260125855844415,418.48853266188434
1109684,154.80698638180147,99.26498798356924,30.231496605217764,4.0290417884913,417.42891469206114
1110784,154.80699453568263,106.34595801930077,33.31312403485589,4.384770416773614,416.53476810008044
1112135,154.80699295233848,106.83293397345983,38.62671897873177,5.660900422780796,418.2777109874793
1112476,154.80698388345476,100.63130343166296,35.951320587426444,5.301235699737239,417.8642543408556
1113067,154.80698450448622,98.69273408022991,31.085834749365162,4.231043649655522,417.14183830721595
1114028,154.80699023387268,103.99600554893554,35.33327786614565,4.990843327829072,417.7974434566072
1114183,154.80699043971404,103.58099051233678,33.8611860143552,4.635558223065107,417.83517741444075
1114951,154.80698923701377,102.44944529692704,33.561990448844234,4.645703452315493,417.75229250455357
1115309,154.8069918154721,102.52073970553691,28.853310797398102,3.6122143231761816,416.1174169007236
1116629,154.8069923297896,105.49022395142904,36.274429014568064,5.157464913244578,418.11115815151584
1118170,154.80698910878277,101.41599864371186,31.493254372084564,4.22213197083157,417.39664131693405
1118662,154.80699142675337,103.11914778845428,32.35440669516208,4.397907494863881,417.33741606170497
1119235,154.80698747768952,103.89979104942118,38.88510144656094,5.905770814852879,419.1044804729387
1121266,154.80699469742305,104.72245053177657,28.479595352359887,3.4403562149684963,414.6681840801304
1123024,154.8069941776536,104.70328530336141,29.7420002887207,3.6925173807657066,416.1134608547189
1123961,154.80698830829218,104.4667369629406,40.37308290266552,6.42513232346822,419.7554410771802
1124751,154.8069931823615,104.71877633316824,32.9701326526432,4.447070499852198,417.0008958172583
1124998,154.80699559156812,107.51865199716772,35.388269559660735,4.902415633125582,417.66469718854387
1125652,154.80698793537363,102.90203705450514,36.99699040677558,5.521698513640175,419.29947276347616
1125939,154.8069835399849,98.75390453509394,32.740640086469924,4.6501524130685485,418.0873374817261
1126994,154.80698891812213,105.58605524633153,41.87883685343465,6.727690903496473,420.5494283811886
1127447,154.80699088002362,104.57457523494956,36.335237361959116,5.225306422181339,419.0010342431733
1128885,154.80699715586437,108.2902801755085,33.15204951915873,4.272767617686732,416.2125226637325
1129922,154.80698574898656,101.58707062184165,37.5950290525184,5.899776034888289,418.7509699965899
1130090,154.80698935837873,102.68795338129908,33.72916851824229,4.670065522974664,417.16434703877206
1133271,154.80698833910174,103.87470168936338,38.00190059117179,5.660041823929924,420.156065166065
1137145,154.8069896563227,103.84163683177783,36.45063961348124,5.3236103287010925,418.1606253514116
1140326,154.80698654331866,102.61902177346039,36.98304642457046,5.458030177131199,418.77136887775805
1141869,154.8069947042862,106.88422352813399,35.13196581205427,4.7689847359186945,417.20203904418776
1143812,154.8069912047114,103.06883900246264,32.2576390663134,4.355545516800837,417.07422421910405
1143878,154.80699324934352,105.05795323455239,34.020064396474034,4.682054393145447,417.83879879152346
1144070,154.80699133276036,105.56762260496245,37.82322586634531,5.535709013288324,419.0459163954166
1144772,154.80699539957817,107.21108951161793,34.4475107394859,4.6013007815631495,417.84368925918267
1145681,154.80699058795201,104.43943108776111,35.694706015254354,5.048180341713859,419.6909426417616
1145976,154.80698960521732,103.62643798486899,35.468557839845296,5.028821245984417,418.2178398113225
1150025,154.80698600059023,100.55946272986183,34.22462776068431,4.932403579576493,418.8247014691451
1151984,154.80698791188948,101.2429048098675,32.884154258424296,4.5504406377962825,418.24465521755326
1152333,154.80699181564378,105.80610328100585,37.3573085933888,5.391609693604692,418.5242877978345
1153075,154.8069833945281,101.16342045064107,39.49641055203365,6.498020468216759,419.6831825460096
1155927,154.80698359529944,100.80390417120417,37.1269875153039,5.6759912257027,419.51078823209104
1158551,154.80698941703653,103.61908648475641,37.14446924493442,5.634505206509658,420.2010127280626
1160936,154.80699576624883,105.88170761992319,29.72032858833162,3.6607287615398136,415.4103600369908
1162460,154.8069841417413,102.35450697823482,39.39815605979659,6.206974736177351,419.56138880529886
1163412,154.8069902542865,104.42921160671992,37.05545271943056,5.484054743408206,418.6960387620705
1164911,154.80698827218663,101.97364044756493,33.66668081063785,4.688663859372316,417.56121432833254
1165149,154.80698735903846,102.51343957954703,36.686069857531855,5.484711061989111,418.9035903965935
1165594,154.80698678568038,102.82357797763228,37.47739027661851,5.591997464809561,419.97828584154735
1169163,154.80699138030343,104.49749455841038,34.69125264511191,4.798270052721238,418.4932081047642
1169670,154.80698899185904,103.7572925059465,37.890621840142536,5.786400501759677,419.32443969412554
1171041,154.80698692479015,100.15566941634852,31.249217845760175,4.208809469218901,417.454932905079
1171262,154.8069910101997,104.83718547453795,36.4559635757841,5.23383152213693,418.4121095286552
1174169,154.80698716450948,101.5509684536488,34.24993410137799,4.822895020662323,418.8607106099174
1180808,154.8069887120159,103.30663132416193,36.49464649149936,5.360767855999399,418.0939846912869
1180977,154.8069915045785,104.61308924429096,35.382395245520094,4.964607339533558,417.45045682469686
1181696,154.80699054852883,101.54796766083683,29.849474713866456,3.8712902347542664,416.5955766664735
1182513,154.806994076912,106.43633493884845,35.65506658227168,4.984607592291905,418.0066472365288
1184506,154.80699258002085,106.77053304753846,39.486859610435275,5.958066091883134,419.5660812040004
1188530,154.80699403538983,104.30051861168002,28.98823857414904,3.5702654405967276,415.0528509441736
1188867,154.8069943624925,106.66578906228452,35.5963938509595,4.887586519378837,418.2033566625163
1188943,154.8069850319175,100.60672217984141,35.90132954510477,5.50342010761616,416.8661291791365
1190927,154.80699324931558,107.75638126865685,40.36560559504265,6.025243339603911,419.7658426315754
1193553,154.80699032853155,103.16193459274938,33.23736191606719,4.5294231401451475,417.60856704861635
1199960,154.8069903657276,102.25530076339,31.243679468873086,4.140909771904302,417.08522819658697
1200914,154.80699255807187,106.269931029093,37.99111907398888,5.593793632053055,418.83029997725146
1201318,154.8069855209574,102.75736435339938,39.11899281628428,6.1026189298040965,420.0305006148087
1203791,154.80698736554763,102.81631917124939,37.26396049511575,5.599289751165022,419.3281085550873
1204403,154.80699582019753,108.39892075122562,36.81016397559938,5.076365081952905,418.55584842571784
1206871,154.8069960058082,108.1713020151997,36.124451892378694,4.990400448279577,418.34602101620357
1207113,154.80699320229093,107.4979971665989,39.79124804055924,5.948084571937719,419.04403096811933
1208572,154.80699197546537,105.78651850119965,37.64275421014546,5.491624875722171,418.7604641084618
1209388,154.80698942914975,103.62637027146158,35.80895133769747,5.13371074476331,418.589306413879
1214016,154.80699236236336,104.25848648229574,33.17518932785374,4.490490822232928,417.7939875964274
1215301,154.8069909709811,101.72899971318448,28.533935327668853,3.5672130815423357,415.5178461618524
1217771,154.8069916340014,104.13578777403839,33.66101996536227,4.5813015375963255,417.0846764194986
1219040,154.80698834809962,102.9973192909596,36.62923324608434,5.445127416069877,418.0701386662302
1220743,154.80698864437588,103.53301814041838,38.03089266966501,5.8543672001809375,419.47858608039604
1223830,154.80699342369857,106.32461072198718,36.593807605301016,5.2064398992978065,418.175844689306
1223858,154.80698554727798,100.2380494286178,33.434255299606995,4.7256314399596455,418.4967566453614
1226325,154.8069893142482,103.4864625491227,35.949320946580535,5.194250115405541,418.2770030494494
1228420,154.8069934556769,106.76046148600463,36.63534014707422,5.14478075553914,418.4278380362945
1230929,154.80699108133655,106.45708834426543,40.367978254363194,6.153928814133535,419.6962307399973
1235243,154.80699402974534,105.19445807457957,31.47287883647777,4.021276545598203,415.683776914007
1235538,154.8069900982008,103.61854036983611,35.28421622039245,5.015355999636144,418.22800248403576
1236679,154.80698733109722,103.07295541449072,38.61604956413103,6.028594578481662,419.3222773422324
1236806,154.8069875108815,103.07233020707382,37.91460316608152,5.772761379121784,420.1494354096623
1238697,154.80699164115643,106.4991456519624,39.81584589025008,6.07611818134988,419.629172261279
1242962,154.80698600280948,101.28437830736175,34.865573606081156,5.028555676628946,416.9687277847146
1243925,154.80699120252117,106.91700359161416,41.95737857416944,6.6530246277424485,419.9258088264628
1251353,154.80699114985055,101.74538832276819,28.901299280849283,3.660850937556647,415.54316023332717
1256391,154.80699133404121,102.67155001582908,30.96199961849423,4.062491094875683,416.2456462403345
1257752,154.80699224122313,102.37622297580324,28.071347426177862,3.458866164270028,415.28399774425145
1258419,154.80699235586658,102.6790730184928,28.400464070665617,3.5242110234013997,414.4518350857122
1259685,154.80698723980635,102.95843218094846,36.9816435242808,5.538983338206196,418.57032752590294
1260032,154.80698382981936,101.37510992304851,37.46329209754869,5.700402888035861,419.23087979924424
1260295,154.80698475838852,101.43581587927905,36.72905038251158,5.498142622673006,419.2008410298731
1260571,154.80699265331995,106.53931036290975,39.129524947882985,5.982435704543442,419.96267964380917
1261285,154.80699238721866,104.77148256884325,33.53313046312583,4.500081569900029,417.3101346958482
1263787,154.8069937525374,105.5625105002223,33.58018536160236,4.498963226051055,417.15494406234933
1267099,154.80698781293023,99.99752943483868,29.929816942928806,3.93054169583207,416.1845452690685
1267275,154.8069887992888,101.47951955352524,31.612835617988974,4.234089581985694,417.0347482909761
1271179,154.80698569728008,101.1199813479809,35.677485704739844,5.289199484240982,418.79480622657604
1271844,154.80698526509374,102.47464400546299,38.47421319413767,5.934158955716117,419.4595854491105
1272255,154.80698502675594,100.15398882232587,34.037178971206366,4.888470515007027,418.33828467855415
1273449,154.80698990152771,103.70304507059588,35.777791322800866,5.1367652618096535,417.97671864585936
1274969,154.8069984887658,110.80996594740793,37.39861917958274,5.0964543549246795,418.0469408927873
1275715,154.80699002685415,104.07173964894614,36.20897654458045,5.215910420456214,418.1165746095783
1277133,154.8069852607574,99.316754238136,32.31681160964184,4.533774815114189,416.8721322730552
1277161,154.80699671066677,109.56263302704997,38.83544908497978,5.545718068363494,417.9086159898056
1284545,154.80699204494607,102.39447529501204,28.43070342642086,3.525959855658519,415.58476497529784
1284725,154.80699399567263,106.8437635055057,35.88729765317252,4.910368792473857,417.5620301423787
1284933,154.80698103045145,100.05085550574253,38.29171117168548,6.149427239231461,418.2710510131503
1286150,154.80698656705206,102.5972846150541,37.1595013364478,5.536193851352704,419.0955611533678
1286361,154.806990144616,101.48773664797845,29.78117804908375,3.838776697076949,416.45415384025
1287236,154.80699385835317,105.18911510847303,32.291200590851375,4.226559366284808,416.01129114551554
1288165,154.8069911701063,103.07944573515681,31.598045004479413,4.160772039940524,416.4463660906815
1288458,154.80699548465913,107.65417385809862,35.52547515332024,4.806456896629438,417.7083367401226
1289929,154.80699557561292,107.40026773554966,34.929633451743825,4.710153360887584,417.5139602997418
1290175,154.80699176815202,105.87295907894058,37.9645244152375,5.551637769093396,418.9419223881765
1290869,154.8069874915313,103.58099309987816,39.43951079065051,6.187816511178123,419.5908408545214
1292756,154.8069903198675,103.50591878752304,34.66208834503341,4.895702869533542,418.0403275966754
1294055,154.80698934606332,103.18883546600983,35.20463010540612,5.02357374370708,419.06850723562616
1295878,154.80699261035346,103.3140093692444,29.88214713757847,3.785213063356185,415.77112138341596
1297755,154.80698731928402,103.52845803127221,39.16760142553743,6.142107709942339,418.8318337960062
1298926,154.80698842480166,102.51371836461244,34.935773884436664,4.989001247670549,418.7403911826496
1299104,154.8069919673574,105.74758506814615,37.10615431238435,5.321867454093013,418.51048329184516
1302826,154.8069944701354,106.41266512491543,34.334851291546386,4.6224863104808795,417.753887161684
1304396,154.80698657657882,104.00990340088613,40.97037249916524,6.546944576113364,420.0218220648321
1305319,154.80698707784313,101.96207597724828,36.62499582611393,5.5827450246822865,418.8023394431524
1305884,154.80698869645454,100.36517612352301,29.580183313140612,3.8381567775924124,416.72004430022105
1305976,154.80698794787634,102.13651582955892,35.09373697560691,5.06193802099536,418.59431802662436
1308655,154.80699352583844,104.39086026164941,30.570423223795572,3.8826571475561673,416.47298492829935
1308705,154.80698312550086,101.26879935213515,38.082791886053194,5.909789105161413,419.6816296978968
1308962,154.8069849185009,101.0933445733931,36.200462808915,5.414306481931326,417.6368408060637
1309654,154.80699128473472,103.2233575359269,32.35913319383856,4.366379071707074,416.6473500416215
1310195,154.80698292668444,100.39326582222105,37.176213495185245,5.739794778661363,419.5465083938642
1310791,154.8069844171579,99.98850658050895,34.75492249736066,5.105968033139807,417.910834343235
1311053,154.80699031746133,104.52535000493353,38.202453748290885,5.828358192555241,419.58538934928004
1312200,154.80699526753835,107.34993914604738,34.94137016568932,4.719418934522725,417.265266652622
1312767,154.80699721132893,107.07528976715976,28.455777179170163,3.343519230253982,414.6692816450093
1313502,154.8069946933602,107.29560780476162,37.32417353406261,5.341778020731405,418.3762989174759
1314138,154.8069868341487,102.94321741992381,38.13595788806795,5.782425343684796,418.3769820780231
1314405,154.80699267299659,106.90182766576555,39.07030571513826,5.784945382969417,419.453837956857
1314945,154.8069906798274,105.41496588121959,38.59012844155358,5.736307282828726,419.28932546562396
1318102,154.80698895807922,102.46796187272236,33.42487200562197,4.582852129709398,417.99875114806173
1318243,154.80698750719526,100.7628922105295,32.07654439368725,4.376665828363237,417.83492224894235
1322102,154.80698826467926,101.63008820658953,32.970982570859455,4.542549490980621,417.2257214502621
1325063,154.80699469686482,106.40830073170957,33.56643208573478,4.437336744619763,416.67035702486567
1328395,154.8069945164775,106.39729674189942,34.437611524326535,4.688743334334445,417.4943019297288
1328528,154.80698842178916,104.18165242292186,39.293372549958,6.138695798686152,420.22514407688226
1328592,154.80698901304004,105.07794495498403,41.090434791054435,6.579805234431158,419.12575310515035
1331031,154.80699310582614,105.9269053082633,35.72702102576051,5.014250019462959,417.60057589677194
1331527,154.80698851902773,103.65358880851467,38.687097603594346,6.011932396421101,419.790040440897
1333648,154.80698846182332,103.28825110393008,36.21830005081994,5.227403034191703,417.83641265449427
1335054,154.80699043913233,103.7752548318169,34.67912078422127,4.834628545580188,418.2044388806949
1335278,154.80699159461733,106.0002439815316,38.3536414737166,5.647329289614489,418.40619571002765
1335647,154.8069895965591,102.97254648175092,34.24518649133441,4.772030255604327,419.01565991026547
1337080,154.80698845223722,102.58443943147522,35.46288941249153,5.136838851330782,418.21848451018525
1339620,154.8069890270055,102.08432930934455,32.661508032053185,4.449735384152645,417.51913229608226
1342068,154.80699045393627,101.26704228709066,28.240989874378876,3.5179292004058356,415.5358488209518
1342106,154.80698634857612,101.21654575931804,35.13019100087446,5.101865604178003,417.5758658412824
1342960,154.80698932796122,102.10630720105074,32.87960327096889,4.508797659763218,417.41169976396327
1344632,154.80699012259447,104.29104933768079,37.50609914337175,5.604969198327107,419.43008736560836
1347296,154.8069893245024,104.01538178244978,38.17929428644776,5.888782638383866,418.9531070615562
1347646,154.8069890700225,100.64225300086387,29.45349742086364,3.806177180330233,416.512131177884
1349689,154.80698682198323,99.9517974640412,31.522777890032085,4.316313827372801,416.5874976799188
1350817,154.80699182063864,102.19676648759663,27.937233579176432,3.4304938955773805,415.4491517263484
1352728,154.80698579490215,101.44774302307555,35.47743394614295,5.154927067823822,418.2510525217988
1354160,154.80699350767668,108.22158156355134,41.43940169804642,6.363801385865138,419.3342822511412
1355102,154.8069870572867,99.03737971376718,28.811893740518645,3.73104824479291,416.50506842770494
1358350,154.80699477391963,105.35354574537132,30.307611528600212,3.777824828037974,416.4426240978214
1358588,154.80698981583006,102.21013726060768,32.359592827835996,4.406891411863642,417.3109363101527
1359486,154.80698901969535,100.44904803390664,29.193167360857498,3.762573409470177,416.95315268573427
1360323,154.80699438950748,106.91486354793645,35.683318990704194,4.902316760703233,417.91545174243385
1364045,154.8069845348635,101.68779162253877,37.49804808524149,5.702608210544125,418.72579971757494
1365701,154.80697955199236,100.44123827879574,39.9997938596717,6.564273360583963,420.2697037890345
1368857,154.80698725823314,103.93327747588157,39.752443396956714,6.18205068797915,419.02327552495035
1370367,154.80698822411873,103.3726438250783,37.277588001909564,5.533479398191798,418.520728234167
1371994,154.80699114596567,105.83935964143157,39.65762816838433,6.106825624999005,419.4332871645977
1372442,154.80699017988232,103.84639188583263,36.12903861985792,5.26908165224597,418.2862000511095
1373168,154.80698803028596,104.31108868760053,39.468414319030835,6.096723250629666,418.9651104463019
1373667,154.80699064264078,104.6070861218347,36.602519562459634,5.274305637948666,418.54674633911736
1374162,154.8069907714376,102.34181526272303,30.937644161653914,4.070508411192558,416.5625909217726
1374691,154.8069875206456,104.4719253425453,40.587614925745484,6.426756350415346,420.60441555131456
1377583,154.80698208634072,99.04638743400388,34.60104707445631,5.081767058679679,418.5770481821789
1378337,154.80699128840334,105.09180008324401,36.84096452972873,5.308433940393413,418.8928424683354
1378357,154.80698928614584,102.86493875545264,34.59227753013039,4.874424627729743,417.461637391571
1378522,154.8069849681477,99.8579815783162,33.617458167255805,4.8225849802116905,417.89752258326746
1378679,154.80698386624246,102.42347331838583,40.20322887354636,6.4640141336301475,420.16757922313275
1381351,154.8069886241257,101.40788727226297,31.686454042760648,4.255983476985354,416.9671704013864
1384877,154.8069868026496,101.13230885197734,34.17916631120894,4.889168298749231,418.45289215827734
1385103,154.80698942607816,103.91935934571157,36.83896594864973,5.396353776368033,418.8761436965631
1386417,154.80699426075734,105.58809700333347,32.10140228435892,4.146179420635671,416.3773706505525
1388583,154.80698928981514,104.06517188599466,37.51388678616505,5.599862282444178,419.42936269013865
1394173,154.8069899538965,102.88785680545571,33.1653122122749,4.486574783990919,417.3271517508484
1397858,154.80699124684074,103.47381763929866,33.12521453576388,4.513713427611983,417.0432275450007
1399127,154.80699194799823,105.333264112568,35.94513249296445,5.0625005222303345,418.14914465911534
1399310,154.80699250114475,105.13719062834072,34.58728259615055,4.752514740276223,417.474498959309
1402524,154.8069933413428,104.73239119842653,31.767223784462892,4.1210521249289425,416.73518975456784
1405027,154.80699274090264,106.44103918148902,38.09756059997517,5.548939412423558,418.6466928736454
1405203,154.8069848481178,102.69448945210235,40.14358693024535,6.440130607059884,420.69231876834357
1407767,154.80698723893872,103.4164597686433,37.88866086608924,5.659231315226391,419.60570835039374
1412144,154.8069846278394,101.60417771531772,37.48620996323473,5.677678776286274,419.5753501042334
1413057,154.80698384132953,102.10233441705972,39.64106615213159,6.29531914544154,419.9056964795311
1413987,154.80699208990802,104.55437915098027,33.99378825176218,4.619271866325251,417.69365110082924
1414634,154.80698966083594,102.7011867982985,33.667257799587475,4.662827353718681,417.31339481680845
1416007,154.80698892213533,103.48162599493384,37.03464641602183,5.523437788136902,418.4142505516628
1417166,154.80699325744598,105.17374975191402,33.63219216090857,4.558322634419583,416.9791590209618
1419664,154.80699333390862,106.54133228314875,37.19242970823207,5.343736479337349,417.4577754395091
1420047,154.80698609846803,99.76930255969616,31.735760880543353,4.339474949099694,416.9208547337047
1421665,154.80699050039252,103.40223014810499,33.42531848068873,4.550418947123966,417.56485627936445
1421711,154.8069959781425,108.21906667128285,36.20383248993583,4.947779385565891,418.03585901043925
1425658,154.8069915228992,103.42089883853654,32.279505025527826,4.326644737597962,416.3706144035496
1427628,154.80698937224253,103.1733296548339,35.42329095640118,5.101494105066748,417.88127044117476
1430963,154.8069905533039,104.19203511456013,36.70611344660986,5.3688401651298605,418.50489040747794
1432252,154.806992251229,105.02511010996838,34.97413436420435,4.849232704819234,417.7951146857159
1433274,154.8069815443119,97.28554947725462,32.48506889360734,4.693029433594623,417.25039057980933
1440793,154.80698386027876,99.27804459771512,32.939284093398065,4.637510752538034,416.8148532716239
1441304,154.80699388873563,104.54475358124661,29.803350233508827,3.712772259147798,416.17098294841094
1446373,154.80698720779523,100.16570836401847,31.062641899801847,4.167385498515083,416.64612600973976
1447255,154.80699381897912,104.07719771245606,28.611467808773792,3.4764418636667895,415.0497903419748
1447332,154.8069944218324,105.88844405635285,32.74106189543264,4.289220116836935,416.43908117234406
1449348,154.80699571566285,105.52101673587119,28.56122382119569,3.4350272314072168,415.0716343524937
1449712,154.8069918567393,104.97930296444689,35.41674134994376,4.96471555184774,417.7288750266116
1450361,154.80699213013816,105.06290019305295,35.71594567584923,5.044149474809089,418.0030513561928
1450430,154.8069970304596,107.89160431346401,32.7604948976149,4.207333770533957,417.24248079605127
1451602,154.80698488144736,100.21183170587074,34.56273420458515,5.043728899530121,418.6329000210053
1452085,154.8069927186771,102.89965164118863,28.309149936279596,3.486561635707016,415.6463551436994
1454039,154.80698525634966,98.90673831139297,30.932704389331203,4.2026944709522756,417.44714670054634
1457605,154.80699027358216,100.93095998398861,28.09023204134527,3.510183811296366,415.4912166066215
1458756,154.80698518329518,100.53984245100263,34.64925804204249,5.01590803171081,418.6376571265002
1458878,154.8069908821728,101.79956092008906,29.012099144096315,3.6703789685324577,415.26862462138274
1463738,154.80698693735985,100.02595994015631,31.84635223624306,4.365754182211562,416.0205304431447
1465076,154.80699361543023,105.33482874761212,33.757301581309775,4.591455537418761,417.548220114109
1465961,154.80698858638746,104.78743413031887,40.53026226468228,6.404422256409244,420.58361094659483
1467387,154.80698588713534,101.5642909113914,35.85422860820169,5.261900142825563,418.0424275977949
1467423,154.8069881907202,104.08514115683195,38.500932619857664,5.771332931079776,419.0803939607217
1468026,154.80699570417218,107.29730779485101,34.258177055704195,4.555489347269842,417.61587952785897
1468813,154.80699426333206,104.63358618992658,29.095250572405416,3.5730385006466343,414.8500269354662
1469102,154.80699291244528,102.80580571359205,27.736896654942232,3.4015001350471143,414.82888998971373
1475909,154.8069910272481,101.70697413873377,28.466823161574798,3.557390707752252,416.28336147653965
1476811,154.80698635443832,101.21453494413979,35.18290147291609,5.141749390725113,419.2073015431349
1477590,154.80698179278338,98.38669985652139,33.89077398597753,4.948995543608619,418.76726997909896
1477918,154.80699038671153,104.21260580961186,36.67240170177837,5.365460764747692,418.3473444612247
1477929,154.8069891619752,103.97718420314499,38.40143224715791,5.844753248713035,419.461515723984
1486902,154.8069930296042,106.97240110648154,38.3232677961136,5.572349858878836,419.4788628203564
1487638,154.80699111496895,105.30136199312587,37.722343918412776,5.513051123736224,419.0280396359153
1487710,154.80698883594644,104.59917673957804,39.686953405564736,6.239039927006408,419.4393817781519
1489277,154.80699195938772,104.6521680066811,34.633984702568085,4.809988105786461,417.962613215625
1491403,154.80699268282225,103.14832824092501,29.24864918629308,3.6585424999917104,415.12892392368747
1492063,154.80699201619385,106.79370902895084,40.61411660924578,6.251006968097824,419.90854821298865
1496252,154.80698806606202,101.30066890063144,32.823429700028896,4.566645199024239,417.50903507179436
1496880,154.8069893364879,99.55695641820171,26.57942009707939,3.2730178587732297,414.83007733807017
1497386,154.80699318995323,104.97169357946242,32.83718625777444,4.342352859701843,416.45088677289266
1497418,154.806989792427,100.67956651601806,28.490394846314405,3.611429294408461,416.262443277207
1498338,154.80698819224966,102.07375156201876,35.03347673987939,5.109109133578474,418.90300967972286
1498758,154.80698816296527,103.33429031171033,37.77774744860221,5.7684483642862405,418.5078667537298
1498791,154.80699218662446,105.39831976340243,35.71736548671931,5.004283567222155,418.50002980394095
1498838,154.80699142464206,104.55696592287663,35.703070493496654,5.112591271949362,417.4467407504324
