,mixed_layer,mid_ocean,deep_ocean
2786,1.256324020188015,0.9600730144218946,0.34418984606695646
2901,1.2394705988913388,1.0280737210483182,0.013240619044292856
5004,1.2968837466692062,0.891716324993934,0.21986834308200864
5038,1.320606501603804,1.124611773714327,0.2866485121843041
5346,1.281628418352029,0.7489607968973035,0.34533758117813695
6016,1.367156458926337,0.8186410566968207,0.19252093061817566
6120,1.3092895240788054,0.883324097210555,0.26205893932539925
9563,1.491397826372499,1.11120010300928,0.18894710176527507
9581,1.2361344729467973,0.8099378663609045,0.2156321896889961
9877,1.4157370615602045,1.014842487364212,0.3702110852606134
13194,1.3074325957054713,0.9798999694248647,0.43852745285409966
13585,1.2872193945212196,0.28518383795263846,0.07632311251492074
13769,1.4122680178015032,1.0872411414460215,0.2519482263539099
15776,1.4097508164104327,1.1957856783179557,0.680418638209136
19468,1.3361881147035506,1.0688286443399995,0.10588558871220333
22019,1.3684637455008377,0.9368811989133928,0.557949150381379
22567,1.4738317717694485,1.127908798316386,0.6158905387655276
24094,1.4989810453115262,0.653886923759029,-0.16867273011847195
25818,1.3633287653345556,1.0118969151795238,0.20353635018332228
26647,1.226283139996505,0.8012946444201351,0.30730456130384776
29956,1.358915956413361,0.7991146217197183,0.1431068193251841
30535,1.3260915961891646,0.7760888803083799,0.4108961867859784
33039,1.3477001209808233,0.9510448148554788,0.3160653238228498
34871,1.4572469488815096,1.1367055621998172,0.15390675955741506
36954,1.2626879693966815,1.0515873483490223,0.45219738907822626
38247,1.2483093147019706,1.113537040322644,0.4663009134431385
41330,1.441193272258796,1.0646730031160725,0.17667385947181136
42646,1.235782750375853,0.8384845050351538,0.24995588582062067
42785,1.2829470615300234,0.715226246631853,0.2810401423317993
43322,1.372763208884761,1.0703951591231462,0.1516577592489059
44325,1.4329675610522052,1.1021068674855905,0.6120866442120185
44652,1.189284601830694,0.7282387770193703,0.24514729502959542
50056,1.3197129411132584,0.5532532911685433,-0.021906788697264812
51743,1.4687540725923027,1.083720096820094,0.5805757411711114
56868,1.43149861972476,1.095615465919634,0.16669507093397373
57077,1.2703517337253691,0.925042855282006,0.03341977148725306
57705,1.4509563582536655,0.9564636497616847,-0.0587834131783711
58900,1.4962828524071041,1.149105569912016,0.003755978027545792
64361,1.2602700123704498,0.98375351129756,0.24928088881473798
64612,1.308556988315465,0.8886084886149448,0.4043391256081341
64903,1.4699379624082143,1.1356609445695933,0.07635625152052095
64985,1.3288508433838548,1.026915949987111,0.3656743366218953
67694,1.4162844437863096,1.011972983618267,0.1715380546514541
68986,1.4312840987586728,1.1555738960242585,-0.030192860327802107
69541,1.346205787075986,0.9681060058779297,0.40954055259195965
69979,1.273347439699485,1.000652761561855,0.328110124623592
70325,1.5073278464483923,0.7211100772793153,0.030829361887910633
72139,1.3485862279353484,1.014157805174536,-0.07204028760563874
72520,1.3744423835989652,1.0794762896044234,0.27553002291677875
73922,1.2154514963501388,0.858520467694116,0.3428642612830626
75033,1.3641738882597538,1.0024436494716085,0.08941786770073012
76914,1.390921961604362,1.002832294479032,-0.11732261349405038
77258,1.3286884236551144,0.9031185800776045,-0.10685542192901776
77427,1.1372732072867064,0.801153814880949,0.36331361617878155
79370,1.293967358786213,0.9931452240262502,0.3760136128081757
80563,1.4097390187622503,1.1407618730572382,0.27337124731522144
81278,1.3459555228909523,1.0510639864167084,0.23452738468445422
81592,1.4341923055874646,0.17343880790661892,-0.09103593465887005
81643,1.2684174890485729,0.7303018745748431,0.23711580916269415
85666,1.3856587371768132,1.0718752653964456,0.30537779958204925
89496,1.5467254013463494,0.9275640319842999,0.15090715765960638
89842,1.4941732343500789,1.0981075882063087,0.1318742798621818
90327,1.264428620624582,0.6744392277955535,0.1533270744588997
92069,1.3817884698407215,1.2438813849929249,-0.18504268488840947
92864,1.1940128809129515,0.9734000470715876,0.411571274780014
95235,1.3384283664620407,0.8199394143979006,0.255205605599665
95869,1.3187896144485567,0.922479518095784,0.2686871141266002
96826,1.431495763550457,0.7214904225350787,0.39632745834092953
97396,1.2846022914005983,1.0208046100932275,0.03699312781599862
98202,1.3226165751352457,0.9385437321712692,0.23188910526832218
99476,1.2700234932524965,0.7689423352271316,0.10543481040558
101793,1.429599182155399,0.9565089001920712,0.002523307201505731
106903,1.3032754895581016,0.9336403331796801,0.420470947432275
107117,1.2912946889264214,1.0163903401530643,0.10716797069722739
112839,1.3961093052171452,1.0813849210650222,0.40279143550832197
113685,1.3371677838340164,0.9690282259085942,0.3773334156664542
113888,1.3165894707681938,0.9789307529738179,0.23235592238168212
118835,1.2549943855693957,1.032255384982937,0.2105765088724737
119039,1.3725347327134934,0.6335289227768238,0.2335504815866668
119139,1.3259949919604241,1.165443688370372,0.3408233578810692
119893,1.3531126102638265,1.1691199223384277,0.8454371746768365
120965,1.2573207353730145,0.6632091128697947,0.24849168159427582
121182,1.2702570986558988,0.6937037824751215,0.2386959047753885
121795,1.2371841708876934,0.7441330294965831,0.2955405260932764
121884,1.2276808780474786,1.1186688870860158,0.4889337120091153
123143,1.2178038275124679,0.9746171620005573,0.5547428594313866
125469,1.3315199865577738,1.0563063081860937,0.6136449632749393
127215,1.453835973428722,1.1992399918232037,-0.12023010804186152
128486,1.1961691919814292,0.8261903339130053,-0.03367138347453291
129818,1.2265537929953685,0.925225121114503,0.4840568444308747
130496,1.165262140760408,0.7936325315839848,0.37942438888667407
132384,1.55534659225496,1.0478121780067198,0.23603374275105637
134380,1.364890838617308,1.0963472982230922,0.04952393381206954
134950,1.2702446869838857,0.7060052288758806,0.21453370723769483
139975,1.316338699224044,1.0527452949933274,0.6575798497523814
140404,1.3688641426687391,1.1253063959298688,0.018123595613004695
140668,1.5443281717241135,0.6957408456857934,0.015734764015582492
141139,1.3596320358031564,0.5629420542398598,0.026250694050964363
141353,1.184938496560355,0.7039774570297255,0.2281270981072756
142364,1.1834061016865935,0.9551600492249298,0.4226572585537439
145453,1.3075004615583203,1.1159751787956436,0.404251698986722
148002,1.270450726153736,0.580471321867325,0.0051194131380603025
148401,1.4604986978440633,0.9265712496360551,0.2217407190379731
149343,1.402013019768229,1.0288334584671062,0.2971330554237084
149569,1.4283131619504292,0.6518264788430087,0.05982972378304663
151295,1.4400120593486865,0.2076583326748609,0.0030297405952113277
152689,1.3035371051279125,1.0596983651155614,0.3709787496228636
154985,1.2620437563203954,0.9897327263936603,0.4438138920967897
156501,1.254037823364002,0.9420895526766857,0.39727112710179546
157828,1.3141000949022006,0.8361212059301217,0.38861633031032283
158489,1.2606104581143391,0.7962691229011546,0.35622296939642684
158660,1.3277576669433804,0.49552796732414595,0.006334368656568223
161775,1.3300386460133051,0.8691153911611443,0.494569879737098
163837,1.332521229883512,0.9955729687093421,0.6378084462384391
167743,1.4133974575866473,1.0188489907847018,-0.03728842819940359
167904,1.249420656409766,0.9724294660780572,0.38557116490109933
169111,1.4439108476310132,0.9067179383983127,0.4724752764103969
172703,1.1894036966076345,0.9156285009484935,0.2781115037605477
174227,1.1764344063175343,0.8877010999773466,0.4517292934329563
174262,1.3932563442177868,0.9865493634697903,0.04306326092432444
176865,1.2273911942338067,0.5466340220473066,0.09376583928588722
183750,1.44759648715408,1.069239750289014,-0.05196668486652334
188286,1.3433601489016298,0.9850201575573535,0.2054642958438394
189506,1.162148385950583,1.018197211628186,0.36642514780354696
190269,1.4526470097195037,0.8391852358432447,0.23480989887112502
195129,1.327447920369119,1.0643905606389716,0.4116411015116004
195453,1.348924535850562,1.1306705007426223,0.44161755904094
199945,1.23323681839755,0.745081288411307,0.22829338660358556
200780,1.3198843365004191,0.9693523942089178,0.027013466992750867
205068,1.2723476035203136,0.9980926713022512,0.3081791053010382
207641,1.4043935065261084,0.7038717401078826,0.06175358099140671
208398,1.2738895227521132,0.8515479722473814,0.3470859451192946
208882,1.1949643500043727,0.856158162785036,0.521135675791906
209601,1.4411899741664755,1.076872012538304,0.40539577712475583
209931,1.380634847634838,0.8143917705843248,0.22027448650327808
212953,1.4946548654453702,1.210278439416471,0.7834916089478785
213060,1.3232417552341733,1.0402120927120704,0.06480458493734331
215331,1.0792440637968652,0.8887988969634814,0.2730466799846142
217003,1.335373540778339,0.8258435052873003,0.3392551144597953
217159,1.4303034500811798,0.8194899991213105,0.2574936958555305
217226,1.4734671045346643,1.0380093976921145,0.05401927894209735
220051,1.2770204592980565,0.9592764398137821,0.3984968372558455
221808,1.3537403898529257,0.7182131650526394,0.3564564936862734
221853,1.3208894955936101,1.0027597909907,0.3099268011526555
223384,1.3272316205379326,0.9952035863935904,0.32125700241352884
224808,1.2131504619638132,0.8104517919309883,0.18072436295467476
230253,1.3292434817799967,0.9569089558596612,0.017659719367556614
232172,1.2237908669537028,1.0242668354361846,0.0987982979453309
232506,1.3036542859741909,0.9098872025338447,0.26230968145820466
234254,1.3481550409687597,1.0055592633434216,0.24714286674236752
234865,1.2557476986147202,0.7009543932703622,0.31283336237786974
235078,1.294494168142427,0.4341244279393901,0.19979433799058643
238195,1.2753504426385127,0.9007645395147976,0.06760537739744865
238267,1.29862556987137,0.8984308309459679,-0.027789414668178858
239841,1.273949605835825,0.9169046688407012,0.4574528121176691
241555,1.363670463182517,0.9979146118748676,0.04895138588956094
242404,1.3163178544114285,0.982629691034397,0.39107085046470935
247612,1.3961779242993944,0.8632293334077088,0.28153881669276415
249664,1.3744503864162838,1.0557071416775048,0.5686998285838276
249827,1.3426314918098976,1.0912651758324263,-0.10188065263164603
255375,1.3396893151230285,0.6796862121741349,0.2107406169012489
256899,1.3749626287231582,0.8544391959179254,0.07365555666970236
258265,1.2030308768443843,0.980414906970755,0.04333092559839313
260903,1.4199808032185475,1.2095847520128218,0.2398269681808175
261475,1.2968530928457322,0.97514180925046,0.35229687487059747
262649,1.2997641451077944,0.5810712915847618,-0.010119298678703315
263424,1.5304684653050828,0.7584612976430526,0.14140427743901351
264288,1.2765963964083031,0.9324845762968851,0.03748010784014921
265211,1.3912165847831113,0.684747098628976,0.13075610924473569
266589,1.3463689415114977,1.1752182497765968,0.3558391259633783
267831,1.4639164108383937,1.2724244378206269,0.4756024948226516
268229,1.3185082572751516,0.9405998664388469,-0.06536101932348104
270829,1.2413101130029507,1.0658960030885594,0.03352609308067933
271462,1.3147502059273344,1.0008532780133885,0.27986182667664716
271492,1.399753223229169,0.9839114588091133,0.14972007895271888
273300,1.4421408099836335,1.1951913166216446,0.9560082186874863
277306,1.295703105097251,0.9161531324510088,0.08307520116200706
277740,1.3840492319852138,0.9569386202519166,0.47197253059350275
280031,1.3607120916964581,0.9411891411089177,0.3343102008862733
280461,1.2410147007706391,0.8739789132857593,0.40519246467603864
281734,1.312426324971351,0.32631907853100517,0.1393696502995564
283101,1.274203404084533,0.8910992120358159,0.35209100755039824
283136,1.2712619049279703,0.9109685195800064,0.45630449103006865
283202,1.2587185553152107,0.8918545290399997,0.47505684188811714
283257,1.3785437215983039,0.7871341782318183,0.05245480511391287
283499,1.3183250275828344,0.9455304855519331,0.5167835084566665
284692,1.2591869203667425,0.9918105453903091,0.3266133416269402
285130,1.3812855812813756,0.9938403105759307,0.1695944097917036
286718,1.3724091477296845,0.9769355262949315,0.22845551845798728
288714,1.379156951407915,0.995969510957041,0.15340286039007212
289571,1.300840940484624,0.8285887570693534,0.28694531694245995
290137,1.295230787723037,1.140672485128942,0.7665298693723204
291909,1.2389487938749593,0.8535419279263552,0.22519330315732655
292672,1.3299276648994747,1.11825283051307,0.09464440167502297
293167,1.203693019544856,0.6452978283978972,0.3071807410851928
294400,1.216488865927435,0.6718123899234606,0.24407949649482574
295550,1.311045293685071,0.9603911560354494,0.36793451577130787
296225,1.2633151039013517,0.8343324168618882,0.36359893697370027
300443,1.363228814879932,1.0247718854048842,0.6818665030712461
303392,1.448136557937099,0.4046325955887835,0.06874746385113273
310505,1.3630729315079493,0.7669956995481076,0.39176827174325324
314455,1.2946949455041925,0.9320007910430711,0.35627837264117235
314978,1.2634560178172516,0.8107734961470072,0.1857847216851265
315323,1.4672246497905914,1.0636762453330624,0.10124376399894597
315351,1.4579822169164243,1.0128703383451536,0.2047715349379774
315442,1.2611590156640533,0.7924741272792337,0.1760404901931043
317511,1.4117516108227868,1.2597914384119964,0.02223814485452147
320469,1.2550747747696473,0.8070129706156395,0.18855903314412137
321115,1.3484741080152627,0.9115357849307828,0.31958233609698605
321475,1.3933058386892139,0.7071499599307669,-0.04700968618462231
324049,1.3086642067038334,1.026733778626896,0.23580779601158275
328259,1.3076985743272058,0.8559891735138072,-0.016373309336375375
329230,1.2103962190303306,0.7234445989926708,0.011171750674557446
330317,1.3127447201356528,0.9296987918072852,0.11408224847111037
333081,1.3595921154040145,0.6584266801147195,0.14946918824586464
334804,1.4379291822355822,1.2168979646875848,0.4876102493019897
335624,1.4655011466524894,1.1342992135731707,0.3872001201751991
337938,1.245159576951468,0.7298583743224913,0.2998746919725057
338665,1.2033572443088527,0.9107818002215599,0.5175463067622214
338700,1.1247461379695816,0.6785917295569951,0.30156168991484245
339708,1.3788826570745027,0.9230670621963859,0.02440689553371511
343585,1.3173162307936768,0.7858722835861232,0.17722014588865975
346813,1.2407797039751038,0.9676459171984035,0.29295856128211506
347117,1.2626359116225854,0.32481234296678474,0.10996865665460598
347221,1.1512067262763481,0.7958446772546268,0.3721987385130521
347511,1.31645062209253,0.9453856114781436,0.48328600799957533
347749,1.3311245956961129,1.0204281381269138,0.1578202035606856
348894,1.3158659286762848,1.0126411794707018,0.18033131244436962
351224,1.2283066356965255,0.36811556020133107,-0.06219450902574719
352498,1.2637833324505974,1.0771629630649553,0.0865418451683092
353144,1.2701586519995671,1.131733752124159,0.08374994388662715
353206,1.4586059974454328,0.1602753443583289,-0.13980244333794634
354277,1.3387003738745669,0.7656442465867375,0.025480051344989763
355875,1.3635548459723448,0.910027280988673,-0.026056747567525962
357912,1.3079209612620404,0.8137209371399282,0.1668968074863698
360047,1.3686312883594858,0.8900797220438422,0.3683589287263779
361594,1.4113691684393548,0.7282889086887276,0.26897337672954036
361852,1.3095299096817958,0.5526084911677158,0.2659597282949915
361918,1.483418241648503,1.180371103855326,0.600168805673752
362405,1.2304202500950703,0.7485366142484746,0.29867745864226714
363700,1.4696809122555716,0.8815577940884858,0.37283289338126213
364025,1.2475598558970444,0.9092876072690463,0.04204217679976319
367454,1.2034217846485755,0.9109146888148927,0.14851370167207367
371681,1.2523465175545079,0.552757514888105,-0.09198568500257709
374920,1.3164796213298462,0.7994855869976318,0.15057884589471016
377508,1.2733560800446782,0.8491272072839746,0.4588972824230151
379373,1.3043151968045499,0.8584472882500719,0.22867714536296602
379581,1.2297260800071188,0.7310113536366687,0.018567179083940566
379765,1.2321300921555944,0.7820624368855658,0.32393878261533837
385243,1.33697065301784,0.8604923841731551,0.3109979380238961
387518,1.2106944214732343,0.7037693406533325,0.02327714193901187
389937,1.2074232102142073,0.9770256282256576,0.6789195007813803
390157,1.2568627719119427,0.7259676104120336,0.2309343319967989
391343,1.3602835030392586,0.9868869649806036,0.14859316159091596
394166,1.3848269815931218,1.0530685092988765,0.4098010107110447
394446,1.2401579237115512,1.0511313872256332,0.14164943319358503
394806,1.2440627335335959,0.8959018250540607,0.36436697666200213
396340,1.3905185739431647,0.4578281075857231,-0.05654146561763718
396680,1.2597672350677511,0.8188282819125865,0.07835336058241049
396896,1.2015895239964578,0.8246610221932689,0.09430354288597032
398055,1.2841910650263304,0.6436151933762003,0.2703757489472519
398715,1.2563232477317592,0.7040132329834977,0.003237328431691666
399547,1.3631494610739197,1.1663828675394907,0.34284843365024886
399764,1.1814278359175387,0.8408662458174816,0.29688118176382305
405816,1.2531265597125345,0.5298978182484059,0.1258904631105272
405855,1.2353828482877989,0.6120293969566117,0.050757997520218145
406964,1.3569669581898152,0.8316633780455505,0.13875785670564267
407780,1.2440520940846742,1.0924704896756356,0.20941143874148793
407806,1.3324192021996386,0.99150577663241,0.08229288817662672
408895,1.3305699275967684,0.9012465170888477,0.33901993898692306
409525,1.166846289842452,0.9175899085580024,0.5522266685063928
410186,1.413468463519354,0.6821642215622651,0.03110157790293888
412708,1.3780562239496557,0.7678404406817599,0.33647208746106017
413058,1.3815185152712028,1.018958472469194,-0.0018797690101002296
414746,1.2618701918363304,0.9213150284943009,0.33252342670956725
416683,1.2670333409843713,1.0864649511982913,0.3064558393378123
416730,1.2895835047278068,0.9312905504735907,0.1519713546331075
417517,1.4286136457052216,1.0461392003451326,0.07924699695067161
417901,1.2495241577983591,0.6908818127808278,0.34333709734645246
420257,1.38185315061873,0.8417511031112889,0.364243625525032
420627,1.2495778175896117,0.7557034023066336,0.25415681671729207
421180,1.2689887087657175,0.2562615657290528,0.025079721096623597
422370,1.400052027346005,0.7088753362970429,0.13246513830799178
423249,1.2233303449885073,0.8076751923952213,0.4375684709633546
423735,1.2435016365245355,0.9646862194181467,0.38461466862544835
424853,1.3101023698430982,0.771139839236042,0.46050866835642146
425483,1.3113867074122458,0.6489929439640533,0.1726521942266649
428230,1.2914486515506487,0.8300076250689157,0.020303128929106684
428681,1.1944424887964304,0.8336620440002225,0.3242238397873758
431107,1.2532218247297902,0.9034108634648986,0.4118909026545786
436141,1.3027054673039782,0.8072355959714783,0.17001881861529666
436273,1.3695556269783395,1.0144215901136406,0.3238044812767137
437095,1.48904923382633,0.9975185765289201,0.17969102079434407
437733,1.2968606299951344,0.783994859852799,0.1868149539411581
438499,1.3104730183730982,0.9010473102693753,0.5395730721151916
438806,1.4487514120470206,1.0375786257450663,0.13789874108844813
440432,1.2852632711690486,0.7547121798997639,0.15271583242642317
441224,1.2866204002523336,1.1065808827491082,0.6520247422342499
441266,1.2468779995305832,0.667420880984766,0.13266206103737777
441514,1.250953372588875,0.6454425712297451,0.34007423604842857
441872,1.3431597346212263,0.915198085717728,0.024206241067762035
442224,1.2835361305725002,0.6263895952850974,0.3370606287505443
442360,1.306131507722778,1.0339096335909297,0.5735637598944676
444587,1.148756417983685,0.8488065429143848,0.5885685593205067
445905,1.2971408192504184,0.9318723405887965,0.17498222008628883
446825,1.3988410762110521,1.1446641738845202,0.06799793389463527
448690,1.3761869236527844,1.161115862439211,0.04169239285436954
451538,1.4264828034248294,0.8424633920284319,-0.029475846178910525
456834,1.3901284528420876,0.7229104690616992,0.36708971856742734
457587,1.199193916527046,0.8269362049867692,-0.006705289970072248
458579,1.3494132548137394,0.9841277373524175,0.09247271407759072
459365,1.2984824146927951,0.8744698016672809,0.4044971898735086
459766,1.2822084508153537,0.987461733696156,0.3016811659396679
462420,1.2615316394142164,0.9715793093116584,0.2634932891692675
462997,1.2338922610401468,1.0669198241295539,0.4610518412227067
469553,1.2351759221756193,1.022068234423596,0.17413289782174068
469815,1.349251965735872,0.8536352604232992,0.17174620628739767
471649,1.2624668291810406,0.7083390803408527,0.01664152438063904
472575,1.3553114738795196,0.7172096716608248,0.16715055998092165
474168,1.2331693419641603,0.8215256876331839,0.2665655617109616
474733,1.2657207001372812,0.7100763109263863,0.15950008778583302
475218,1.3845869595948055,1.2039160103944924,0.2603243300495699
476467,1.2515600918324505,0.7440899387769557,0.28055305546964693
480239,1.198530603091624,1.0024675602055493,0.44925465462609127
487670,1.3702995910169937,0.9732893716399695,0.21486906400615347
488277,1.274264415119045,0.5302993732469269,0.16295869844732602
488721,1.3477077478314574,1.1650647967506762,0.1368872263712354
488957,1.4648554308315946,1.2240040525701625,0.025072942345747973
489665,1.300609924611194,0.8097704454951989,0.005737917045310459
489714,1.2561896104820733,0.7635085687827412,0.22435396532625296
491206,1.4111817769736157,0.8289980228912418,0.3324208459392969
492084,1.496238623033065,1.283776206342519,0.18037368261521824
492097,1.428362775983007,1.0328900971582073,0.5228721942437572
496271,1.209152463173269,0.8141076651824128,0.23163053063008976
497167,1.261343040925965,1.0004193774339547,-0.037396012390617184
497324,1.2647064669187793,0.9167273371272764,0.42509337462976693
497541,1.2077076432737626,0.9115014169806999,0.038087911818161624
498616,1.2496549904562637,0.9503348109437758,0.24752438170209634
501024,1.264118745116873,1.0796567985364898,0.37559912464305867
502546,1.2690427362301133,1.0466789118544588,0.14347800866508476
502717,1.3693665305221088,0.8565082633919616,0.25938456709887503
504263,1.3705891300343338,0.7500364282239813,0.2927055921063024
504421,1.3140445739436464,0.8945873648240849,0.2742958520117661
510187,1.253627376719128,0.7861415270555012,0.38480388679661104
510554,1.3582898408363875,0.6725780378884316,0.19182113527362787
512404,1.349530326819437,0.8487809878705637,0.28914456624246787
515320,1.272217330653926,0.9601007067100885,0.2590408847044027
515341,1.3517967719513015,0.5676874598221644,0.1686072515304624
515767,1.369451781539305,1.174950440032044,0.32842804397512637
516569,1.3591282472004358,0.7285974669489353,0.3415091867460093
516750,1.271732957973234,1.02637852285769,0.5247335094632855
517571,1.3483071094692778,0.8070378281099467,0.35744243070982906
521544,1.2537678368464886,0.9456615720365493,0.4269895513649613
522134,1.2956692125483544,0.8667045478938207,-0.16260616892535817
523961,1.2220272914312802,0.7703845370210144,0.2308133263268931
524070,1.1747141506643524,0.8833008216105885,0.08388276248619986
528578,1.4437693981082402,0.9350063122061195,0.1943061910891778
529197,1.4317081477390192,0.61228463567548,0.32476455216875777
532901,1.4096546417957736,1.0380103253945077,0.5940597158113052
534247,1.4197746617263318,1.2067469211730577,0.31489366560966214
538355,1.3885655576791651,1.0662757221126402,0.20953119086703131
539932,1.2899766394815886,0.7736773596165605,0.2761127112816717
541441,1.2418856268673015,1.0226112675059422,0.6975373127399873
542868,1.2905605907148947,1.1128375824039758,0.5858589854527387
544115,1.225927990615737,0.7184002750873509,0.280348085417654
544746,1.19067804520266,0.5811320035410169,0.013200490823233602
547380,1.5444316776500575,1.2743640334480728,-0.041277482309153735
551395,1.3330883893199492,1.0844781667771923,0.44877028671824204
552886,1.4760003703109454,0.9391835728672637,0.2914397009083136
552968,1.3204744633885674,0.882339485288775,0.553659990927657
553448,1.296785605425103,0.8655120338781901,0.20383051234031213
555049,1.3289611371159784,1.0553719679533258,0.11420427279432577
555853,1.323290368233994,0.5052466614085049,0.17477548389506237
558382,1.3402543672677372,1.0609793728612587,0.05404960301355921
561347,1.3296363814068901,0.9769553209668775,0.10156059914974169
561728,1.3440750565519537,0.7205064951118012,0.16404792456988737
562175,1.2999180415257723,1.0153592939863632,0.32527531908404783
564444,1.2755551675422647,0.7853115632757488,0.31211492479406877
567031,1.310186885236891,0.7009845608992606,0.1526822887090833
567405,1.3542895077787382,0.7545459397884687,0.051028839691618866
568036,1.4329198838979154,0.6469713831780923,0.01034123638322848
574842,1.2183267023570994,0.8002749021299143,0.31357986358241563
575816,1.2521691555990295,0.8905933173962868,0.13273154673997833
578176,1.3040214096881004,0.6550110870348891,0.20365557829272252
578730,1.208647666732181,0.7110297060984531,0.19767225323342597
579854,1.296210708891012,0.2688243587862815,0.004354401380274098
580622,1.3573905242484636,0.9712820240804099,0.24731683862888
581368,1.2470276479074456,0.9792193232752692,0.6486987117528208
583958,1.1559283700522611,0.6216240285244972,-0.09919997674531933
585306,1.2840700510246879,0.38235325964151823,0.07587544822150871
585721,1.2402956950904243,0.707950455231454,0.43363597293443257
586952,1.4802532680823446,0.8583851062259261,0.08577251801163321
589413,1.2936277944941459,0.8841134812045884,0.2953682117423354
590859,1.382775289959494,1.030167542875512,0.37038208337575806
592041,1.3855462968740813,0.8489811288453459,0.3442285187631684
593989,1.2815876236237396,0.7956105050443434,0.29368740386976655
595578,1.4996443802961812,0.941119387629962,0.23563966720252982
596053,1.263591487535447,0.7556074679686319,0.18496754616496702
599045,1.1988089413533474,0.6872708940765655,0.1400945873724122
601402,1.4168397476409798,1.1189734289262026,0.21452833560717433
602246,1.2731822729259186,0.8211089441680696,0.1464009488753666
605491,1.2625175073640924,0.9134987903642077,0.14503357252511295
608093,1.3511846663939817,0.6055015018408088,0.11308967171433548
608158,1.1872295033633744,0.7948296321460294,0.3690909034034838
608335,1.3115357267232737,1.0507357948953602,-0.08824355650367988
609394,1.2595112847493004,0.8888672459519912,0.38895972571146264
610638,1.4321362457645679,0.7050720134032054,0.05032674038629392
613054,1.3921964680823171,1.0198884402677688,0.3193098078206521
614842,1.3281736163260975,0.8349737067735425,0.4478768418741528
615956,1.2446545563238463,0.5757967281352251,0.23859747956591504
616387,1.3654255413597978,1.1842259022485486,-0.13478951793721883
618619,1.2759647355612573,0.9977093501480945,0.30631125214599675
619951,1.2158004607428834,1.0530147073458098,0.515980299619142
620357,1.4557722810119387,1.1409330826313897,0.637071701974083
622126,1.2260179424188382,0.8603030148831246,0.2376135332629863
625784,1.2576806867110042,0.6883291853968506,0.3374411573232291
627297,1.222578666426037,1.0827010269394468,0.2795598899091084
631067,1.1345975614211794,0.7008037914691081,0.4894717003645772
634354,1.317978414710062,0.6663300255473746,0.2866747677324514
634963,1.4194482409205444,0.9802957659769277,0.36105228799973077
635627,1.2465409787955797,0.9076494565386094,0.5046261023446762
635645,1.2934385124383623,0.7548944902798478,0.04155466080166437
641153,1.3102022064906071,0.987582132711271,0.28819764315965735
644677,1.2699220597042622,0.9829837680080827,0.22206049185120735
644711,1.2865001354442154,0.9526076904677876,0.16589092087750523
645916,1.318061538891909,0.9097704729494486,0.46283211147741266
646996,1.2388659455039621,0.6407385972597608,0.03701030914806913
648534,1.2253847252956667,0.8880044028109225,0.23125299630097318
649611,1.398890708175671,0.4481073398608497,-0.10504628902449265
649922,1.2384046098049282,0.8568843254693441,0.4802572510934182
650138,1.2072914062862052,0.8907868628124538,0.22082168846626882
657517,1.429583913642938,1.1095590928935708,0.026366107582909137
659426,1.4773097784881684,1.1624537923134428,0.2037730837721976
659953,1.530517818409927,0.9322712880442507,0.2250337505884621
660337,1.3265051365378095,1.0242908365636665,0.2136511536258131
662347,1.2536079286311321,0.9164559635663042,0.06921249650896977
662929,1.3544895622966096,1.0613891011099768,0.40284135412427813
665298,1.3379811492590736,1.1888026158902312,0.12953279265635842
665722,1.2404612131598949,0.9081614003551604,0.17175499679708883
666955,1.176549782197549,0.7235220398059562,0.3087296268946863
667362,1.3585563355276795,0.34417564402418566,0.03556689137351188
667519,1.35196958289011,1.0806017339450724,0.2683863470729261
668227,1.4705166401885055,0.6875133525698984,0.03909653650295852
668467,1.0796155658658082,0.8598737488473194,0.4091743091613691
669803,1.2656048799178161,0.9368851295856678,0.5197773858878746
670493,1.4080532600649025,1.1193338672012538,0.21678440293697077
671644,1.2185932768149723,0.933113249703611,0.2663144215136606
674421,1.2597042222116002,0.71204680895067,0.07980567518611448
675582,1.232302618147163,0.8798234036093181,0.5790800371241734
675845,1.492794831376242,0.6641334229741188,0.10883636412999598
675920,1.4485311932863867,0.9059069884999313,0.3528737984404936
677450,1.2841866253620053,0.9562156840160778,0.48470898659939343
678200,1.2485401058078787,0.8000111515712436,0.5351456624303257
678279,1.2606503288877138,1.0825523851702605,0.1390057375512781
678337,1.2030007779865484,0.7223669291295262,0.49442102359026585
679727,1.256092324664488,0.8926187277538241,0.27022216644487773
684225,1.2645394929826046,0.9526969171604551,0.4227003988436242
688179,1.3944605737857159,0.882727892799148,0.5542932517365391
690329,1.2900031221417778,0.6571113403327888,0.16216266994328388
697412,1.3933986420007725,1.191112014786993,0.2843245124844763
697436,1.4443240554226837,0.8245345333998678,0.10528936613031104
698534,1.3109901949424054,0.5271118459442132,-0.1209418621215258
703628,1.262240471340709,0.7825474964678848,0.40021003257831744
704893,1.3987631310338577,1.1848836979379933,0.059793086215104485
707646,1.2513599015829437,0.6604432306785897,0.16012913527016925
709178,1.243006916872921,1.030639353248782,0.02743104029941268
713386,1.303470824620975,0.9614635052841812,0.14041924932059835
714275,1.3692156637806958,0.9224591419358121,0.4513923467568779
714327,1.4600555875780543,1.1495902295321354,0.3878822321581058
717039,1.2858748072372426,1.0251509031214652,0.541832435518324
718527,1.375308608430994,1.0931925154516051,0.09499671593953773
720138,1.2663180759158768,0.8116318023941917,0.3047343678991248
721530,1.2487841643202213,0.27795164655470206,-0.017394894901305635
722827,1.2654363443654582,1.005081888093792,0.16636330963668866
722976,1.2963411265890445,0.9595396014239085,0.13081121548914176
725776,1.391589687789635,1.0700148622796928,0.331097472988674
726030,1.2986152842510816,0.7136821515392927,0.10871269050155064
730441,1.4516926831592545,0.7106899199286555,0.23284493692676322
737284,1.3684881550775458,1.0594611170643444,0.1715911619643593
737587,1.208363445479201,0.8932670756031839,0.34544975024191993
739753,1.3659738698708008,0.7940112788650195,0.41605166976836805
741749,1.3534356503967033,1.0037402367499366,0.49127209314762954
743557,1.3412694335991846,0.7977494233247481,0.1270395790225648
744115,1.2025482385684656,0.8420816731902215,0.3836062995346209
746422,1.2954524469285453,1.0782808646844475,0.6552258939262788
746788,1.2787352894482975,1.1514472288028288,0.013737224454365204
747734,1.3053148000678019,1.1147591765665426,0.7440299163455942
747946,1.2284187723370432,0.7560793069055527,0.2298189810344584
749409,1.304358537254836,1.076699570386474,0.41648347417525433
750378,1.377730120969856,0.8643661679490511,0.16953598776249112
751423,1.4322880790887103,1.1258261548569644,0.681803821379279
753631,1.2930409285852944,0.9011211852774332,0.13313619173555802
753863,1.314687952905433,0.7199451858603557,0.025909875702794016
754115,1.3725838734104188,0.6550138747578117,0.12405629466146673
755528,1.2578927482204791,0.7870479393275736,0.15110867768746594
758142,1.193996409837761,0.8617229309570662,0.38581293174303677
758366,1.327009227987075,1.090748432614289,0.29138855326410296
759122,1.378261694678485,0.7433566938447289,-0.10208353370506451
761740,1.182758340769794,0.7897777742229812,0.10277449748616307
762439,1.3316210388914977,0.8414127689224301,0.18300191603472993
762543,1.260658715721359,0.6066177139862206,-0.00827302610374292
764149,1.4834941081290072,1.1622425870851607,0.14343789298234888
766253,1.387957412226288,0.9404234199539221,0.31092197758289886
769835,1.3785986646088704,0.5955957997813229,0.1345366152374573
771812,1.239106781794673,0.8213921542461544,0.3580116672656126
772795,1.2924134378513994,0.8956350075657661,0.012199455925268499
774092,1.3384641754424091,0.7842222354184334,-0.09157068811858227
774099,1.3243629120895253,1.0523140230207944,-0.08079374449730015
774391,1.2539312019621374,0.9115572487113276,0.2505611545402119
775100,1.1843288892911927,0.7585578955630166,0.29316883079652367
775102,1.3553704892026555,1.0232164048297223,0.42897580849309913
775138,1.4607850448044768,1.1443084714895766,0.38183950026202296
777522,1.4072556267214784,0.8438323180026998,0.12058918280286501
782648,1.3331983212525973,0.8726928346746716,0.4244742850047365
783197,1.221024096484511,0.716540488316998,0.4246317052216314
785535,1.2316278191335186,0.8546902122507467,0.3426729083127016
785687,1.3868625737263554,0.9092143220504314,0.08854869919676411
788158,1.291009127755118,0.8374178997220595,0.4963823047726964
789138,1.2937494096067703,0.749042642818701,0.1725960996749173
791495,1.3081839370752655,0.7854263931888427,0.30946025473926764
791911,1.3865582127095601,0.9983201535066605,0.12554890650509465
792138,1.2836900115366792,1.0401272794476362,0.6919235160947276
801055,1.447692691320793,1.1269420775619947,0.3324116692096738
802100,1.4230187888749053,1.197541467444645,0.3222051262881155
804013,1.540644711947974,1.0453481141063723,0.10306184626676074
805573,1.3216837433689628,0.8253593100690775,0.339226839345818
806399,1.2929868684581984,1.0023844637365809,0.2436860819225326
808953,1.465151601308672,0.5978380850143392,-0.12333648313353696
809077,1.5009843237117577,1.0116107741041076,0.3144267802480195
809275,1.2611661065225874,0.705398987221639,0.23572102809293083
809979,1.1755177123405436,0.7778347609896711,0.36363459535883325
810040,1.1593864827490634,0.7052828046238383,0.38999901159223505
810079,1.4385461964741513,0.9013695634230419,0.20932306738820627
812314,1.230717791864596,0.9927884885068976,0.11093909869192997
812898,1.4344452933152116,1.0494749172495694,0.33809703838642924
813290,1.210735595049986,0.7043694973712851,0.26897632900742896
815290,1.4532127589350161,1.231962320463084,0.14574099966338472
815420,1.2308244152420467,0.8295862707479484,0.403791094467858
815595,1.2686523593429992,0.8431055801251687,0.11243939150981841
816037,1.483017470920083,0.9872649205462902,-0.01463136389493691
818239,1.281586654304157,1.035438359785981,0.5639582980511392
819294,1.3000092555915015,0.9177070888938106,0.4455760682257224
819755,1.2642665676788574,1.0246267207216513,0.4210306703242078
822172,1.3479975049682253,0.9311279858640228,0.3624767355302184
822600,1.454545117367493,1.034725396971735,0.17420374309683961
823622,1.194003799707868,1.0695714565810792,0.35703720126638916
825223,1.406120960112489,1.1831965674735119,0.357742713040999
826343,1.5173592858780203,0.778572751557225,-0.06593454135118137
828524,1.3476078750613758,0.9739736616528268,0.356773900341682
828742,1.185712338047157,0.6882740930265696,0.2570442817822929
832006,1.3412982511006224,0.8547887352181414,-0.04237974438149339
832271,1.3975703583521284,1.0497684741707514,0.33963556303382936
833565,1.4140469547236576,1.0866272825958962,0.24254945865954336
835717,1.1142098575533423,0.8993370845565969,0.33223279896377234
838316,1.3654114093561782,1.0275077453044998,0.3553448511890678
839186,1.2306182507417942,0.723639925803388,0.3486417927294262
841347,1.2700273035139962,0.9477259580730071,0.5099868770233069
845628,1.3041794870380856,0.8222951346097311,0.12566106305564118
845904,1.2243380047714907,0.9186259370151482,0.43959082165337504
848077,1.3727422402082714,1.095351638263953,-0.008537871088779125
849324,1.2907015856306252,0.8761532849369535,0.20563305614631
849719,1.3130028796008555,1.0492072594698174,0.34067848138368007
850574,1.3089066571741548,0.7989790991630203,0.3952189900572025
850949,1.2168440700335186,0.6893071830240179,0.33369563524744794
851280,1.286195427925406,0.8926863279951144,0.3881239579160144
852550,1.4128810891917043,0.6566626871077158,0.2162769879966192
852685,1.2344990507765803,0.925361406303448,0.48804548193140873
852969,1.363652683570035,0.46810059426064643,0.002043215969462442
853138,1.1952477741006775,0.6267460885531316,0.3156292096279193
857056,1.1726464756280808,0.8558405302943273,0.08671231399618762
857229,1.3158660147792278,0.9896001578608001,0.2216369777484236
861121,1.3974419149557396,1.0086836570601208,0.18227000095770363
861227,1.3302386022953496,0.8757417280245026,-0.10460391169388927
866225,1.290131991293166,0.8916217953462392,0.36939586455645956
866805,1.3660843956022062,0.9031135334102929,0.031723967480404625
867317,1.3966198366108409,0.9603658151000949,0.2878859941403715
868976,1.395258109466723,1.0575154807350273,0.414784648803326
871519,1.5528466875077915,1.2221807228081267,0.3113126926076515
872692,1.3069911591744927,0.5407879014272972,0.06061849840677025
877112,1.3551001117250374,0.8974815976026959,0.3228531415138681
877941,1.6067713141608033,1.2790458669313436,0.3044358934259237
878138,1.3371832088247269,0.9364824859926064,0.3026031842883792
878761,1.369511438632948,0.6537639097679231,0.18680670357583717
879323,1.2274661178421522,0.9164534347866763,0.3610292450755729
880191,1.2007942759436054,0.9971214095007164,0.32219908780206086
882560,1.3943945964780953,0.9826274848995811,0.12100233657279813
882882,1.2211054335254512,0.7425243276019203,0.2420724888742064
883138,1.4026780895531157,0.8244031655903765,-0.020116082308506256
883483,1.4303543623811912,0.9033679031539695,0.5055973054248054
885883,1.1687028132264692,0.6426217505625471,0.24909366127648003
887607,1.1467979910649917,0.771397459871237,0.04295771242381874
888493,1.2857303355187553,0.6410528453935014,0.2589935025612655
889185,1.166166461128521,0.7898930763049465,0.32665542690234295
891929,1.256504071011447,0.9395972652853968,-0.05190598229396226
899202,1.3952113160273896,0.8730600833098212,0.01744521863924864
899394,1.35324859099851,0.5450291113808726,0.2657372734065814
900764,1.2739827209669896,0.640450715871399,0.3034741709726696
905120,1.350201427442347,0.9942251402839973,0.31147136296918954
908471,1.371994882809188,1.083108889039098,-0.07967649704040203
911121,1.3514980142003743,0.7231957175110029,0.16978676614229715
911283,1.2447231862584565,0.9313467560625,0.18092827553433066
915188,1.3484283201593112,0.9377875996621353,0.5797722476243684
915871,1.4162724349086695,1.0099834966740866,0.2012335351365342
918463,1.250457045149536,0.9149692115907779,0.11740877704955976
921583,1.3525351254851088,0.8948257916603481,0.309866694765885
924745,1.2628368212564147,0.8947793082624573,0.29746613750079365
924991,1.2220934424057739,0.6671375195025272,0.22400462836530466
925864,1.315430653852043,0.8674935536204438,0.4695809952024579
925899,1.3962452655340667,0.7868628038251861,0.2464464564353963
926206,1.2752725158987448,0.9367465721737509,0.3137230770782842
932039,1.3607809149799315,0.8635046392169188,0.17186966141068138
932217,1.2749828038065494,0.7682625101904562,0.1119905292258202
932602,1.3830562576838075,0.8274018698759216,0.10022145288595952
937186,1.3550416288589544,0.9174296112536002,0.19001517874601226
940417,1.284325538645795,1.0628904419496652,0.09830053042630382
941666,1.2499839748507378,0.8865505797702959,0.10959880554607382
942110,1.2278875417959818,1.0463122076213898,0.4146556944399685
942413,1.3400739392615315,1.0315645005730572,0.27565891916241414
944638,1.242980965674271,0.7424571792178808,0.3495548400228484
944719,1.3174502574513296,0.7684468311883799,-0.06912145622125343
945546,1.305663812904365,1.0843404941792414,0.5613909774650092
952511,1.3156735629563518,0.9389655927689537,0.6012219676339057
953662,1.3211928686990886,1.0066838455961005,0.4143187073003697
953757,1.1945288477511435,0.8330241560193904,0.36112675282061135
954721,1.1839236195876766,0.8009774587940208,0.37541935046401487
954901,1.1929429127484932,0.8289132954197452,0.3554379845375396
955388,1.262263350134984,0.8651774311041902,0.1840469788875856
957932,1.2918309754363324,0.8938425175770268,0.3959888755763219
959413,1.3055591017733623,0.7717735752005458,0.1111573292689011
960753,1.3387926511276564,0.7705274592461131,0.21441199450148063
961090,1.2247961584340188,0.699183381331959,0.1837492226413846
961331,1.6250162625734532,1.2731379511139136,0.13478372282330553
962020,1.405625275189803,1.1831833786424877,0.7227736932900507
964835,1.225444403273279,1.0145113158199222,0.3547095749487439
964893,1.388442378398147,0.970057603193686,0.22284116062460468
965555,1.176706987952963,0.48060510169013093,0.017687679087679875
967636,1.315888036291035,0.7815601033809709,0.3423149068863083
967926,1.1973845872384614,0.6757794677938863,0.4033495935292907
968364,1.3398486630553155,0.9771321158901197,0.3878151298812945
969660,1.3186745519295562,1.0116565838478573,0.6380840842519049
969855,1.2111435302360647,0.9410985610215478,0.4734391664959615
971093,1.302497798772376,1.1194968242592673,0.3757592764063101
973617,1.3076851590663365,0.9060425187572951,0.6758957723516932
973831,1.3053785891947132,0.9368511820299559,-0.0649190544112428
974620,1.2780924801928235,1.0021053299697538,0.5681308843693051
974964,1.4247114568250518,1.0031748701336318,0.45237452952184143
975757,1.3004075793651746,1.0198128879232071,0.6561742613686332
978467,1.353312444265657,0.7690989068077015,0.41733071179336056
978613,1.2492623290853473,0.877694261652123,0.34207349274497423
978862,1.465463339195657,1.0595495159490826,0.13723430576172313
980698,1.3128054238485714,0.7628300679435053,0.41803360628305286
983330,1.420115805210218,1.234589331377696,-0.04003477385226317
983454,1.3674776034977318,1.0781935980581996,0.5011454619557124
986106,1.411627791243645,1.1801543089642772,0.2931680847830763
990387,1.2413567598899022,1.019633689170857,0.5775967490502465
993236,1.2213338368345172,1.041057075397319,0.5712231379110634
993837,1.3551926825140608,1.0388575063695946,0.25145973732302784
994890,1.3278129780011703,0.9644983087391699,0.23001110045929318
995111,1.3557592517284818,0.43072451250211974,0.09908874594894956
995807,1.2553623684371602,0.3364936112391915,0.11663110241300922
996455,1.3112886319748478,0.984576455040111,0.08084525657389152
998161,1.4425905024779664,1.1834507856777838,0.834642863897214
1000720,1.4370182032806773,1.1469451003270317,0.5382271602782266
1000994,1.4233101099751657,0.5817495743312174,0.19450001717983223
1002969,1.470839833826148,1.0335210154482453,0.318873900231485
1005821,1.2715528576267046,0.8747870105221959,0.2531535268623005
1008028,1.5895216813205857,1.1264519876126333,0.3395206048478193
1008630,1.2038956045379068,0.973362308095427,-0.12908540889118103
1008935,1.2735674555878818,0.9923529043269268,0.14024968121618864
1009409,1.3648677259477853,0.5732419687307312,0.1973802241684105
1010205,1.3952159794560528,1.0417448603852015,0.09293907397114676
1011649,1.0911147064948956,0.6790052573088887,0.36867667622938605
1011808,1.423577408962589,1.189183608301469,0.26353391702612805
1012553,1.3683007628362405,0.7711160799624851,0.30251237508032813
1013908,1.2751361177458433,1.1061681231990164,0.06661793794412618
1015492,1.316247064505002,0.9129594490759817,0.28769653121133654
1015904,1.3470409397287453,0.9144270788460016,0.5089119367623991
1016943,1.2748821114477578,0.6783504142457926,0.10868706355214353
1017758,1.4322368652371047,1.0840743736571836,0.23577139118796553
1021390,1.4079127122559263,0.6807061932838503,-0.0935056479313302
1022339,1.2250902679990974,0.9508153451054757,0.5089393471709474
1023315,1.233747107674597,0.8903920917674363,0.43541404571916986
1023906,1.3458957334383483,0.9936772794490403,0.32308730008900555
1024440,1.2666201596378324,0.7892001053438583,0.3486376753582109
1024521,1.2528492510339082,0.5425627722996947,0.04757112557013876
1024751,1.3854752118637408,0.7426533369025992,-0.06992547520061598
1024817,1.3904638591575156,0.7503532649376126,0.11982565238570797
1025403,1.3120983580786791,1.0813734880791375,0.46640136686757816
1025785,1.37542250661103,0.9162666365632598,0.35765052384381846
1027344,1.2408014751505247,0.8602917828922003,0.21202480629068776
1029923,1.344366057024713,0.9629463785256798,0.004361789815815698
1030940,1.3934449653731402,1.0206205276637839,0.29510807786312665
1034569,1.3971838903788454,0.9718587918446175,0.16848793260057815
1037162,1.4328179796961014,1.0150664534579377,0.41726267100564285
1037196,1.370333031421923,0.8015779684204014,0.3533790716554952
1037763,1.4617211582970817,1.0477467403960568,-0.04924584979324065
1038924,1.4160990527237451,0.8604311405039493,-0.08382154728292446
1039973,1.313310506295534,0.996565153105311,0.3008037298240247
1040084,1.3262831686359666,0.8543969158977357,0.29720423083278236
1043049,1.3511623827584796,0.9916212378173457,0.2991148077894572
1044151,1.333905017175178,1.1686906971094395,0.1257282098346666
1044731,1.4402901382598896,1.124279170128111,0.46878448361735625
1046031,1.270471770843155,0.9709785113373399,0.21499632302899274
1046776,1.23416940393946,1.0233874448502454,0.3766116320755506
1047354,1.2876385409784434,0.9025166574416705,0.2662761071468527
1050153,1.2975885030227334,0.8310944198044413,0.12196925779314116
1051624,1.3456526279969694,1.0960574740379045,0.054176025575691567
1052727,1.2006127698983131,0.7750095045971624,0.5596366005283891
1054837,1.4341227873152411,0.7560851734437353,0.3785211369878323
1055190,1.5480960801476407,1.2430818742665073,0.16664805015714257
1058144,1.3386715804412748,0.9470345014043736,0.5285864266291306
1063266,1.3080522721272994,0.796612242566039,0.28384435026428767
1065720,1.3465469490294892,0.39854326203060175,0.18610801234606067
1066826,1.3135737928422377,0.8124686348439498,0.4655381425932903
1070723,1.357867558959122,1.039498123602386,0.43005272574593123
1074536,1.4856623772049533,1.1418670790562364,0.6101400592830128
1074613,1.1216367773646367,0.9864571889173135,0.3525667978906988
1075686,1.3376954228230633,1.026381982125249,0.23426767242609925
1079368,1.3584518103450949,1.091856402638921,0.4862030437992979
1081091,1.3360227995113745,0.7541506001853155,0.2523213685367234
1082576,1.3482858406595366,1.0175163142710242,-0.14078920505515724
1083144,1.4204771074952132,0.8003624787565619,0.23537602147921455
1088471,1.2563465261239524,0.7411535970634866,0.3887501181297963
1089202,1.3405117892608398,0.8189975278268895,-0.13434354787937886
1091154,1.201054710684259,0.42964447688194385,-0.03933072467827303
1091425,1.4197892638669276,0.786556939155892,0.3242646627433714
1092033,1.2383677239823259,1.0595259759258249,0.346205174931038
1093442,1.4174921131425804,1.0398188162647308,0.16927288590978917
1095145,1.37709377083086,1.0764393601354985,0.31401205516513075
1096682,1.4092535890628821,0.9516013950294573,0.36901319754712825
1097039,1.3032145886206377,0.9671496439865321,0.1571279151088496
1097709,1.1958173821415994,0.7101175229169405,-0.07448820399317135
1098073,1.4056482767103724,1.176202709004847,-0.07496671790949638
1098990,1.3765144467898693,1.065831923718191,0.23576054365708343
1099285,1.1441068974445177,0.5883755074868068,0.24160540675956665
1099543,1.3229789684425977,0.559455235322544,0.2015426959355754
1100564,1.2944165212189047,1.10520079821199,0.023871482086326168
1101051,1.2837770840759328,0.802237025962919,0.22800362100860094
1101821,1.429547945482703,0.7640053488090943,0.21846390312275488
1102062,1.2127896741853592,0.8993197778016315,0.5628189138537594
1102741,1.3814376458837825,0.7169793926772282,0.17499343506135434
1106036,1.3233389299907872,0.8988965214185018,0.07330058076739265
1108556,1.2551900199306698,1.0792735310769648,0.23706810396358013
1109684,1.22819489034393,0.7785900783711269,0.3007859762234638
1110784,1.3609464989231073,0.9627651569483546,0.4940664162367412
1112135,1.3291723950477887,0.979018097488588,0.23022630386098752
1112476,1.2144945675729217,0.5961669104369086,0.2632211925144817
1113067,1.17127289734532,0.6639169291706004,0.28464224589405185
1114028,1.2608585783552804,0.8522217948638171,0.5858362371784334
1114183,1.2938470272232088,0.9674941190978281,0.477302575122609
1114951,1.3042055493693148,1.01252642476533,0.15910513115455438
1115309,1.1594351823167763,0.8163171189126059,0.17409939941062746
1116629,1.2997346364400262,0.7454764104030824,0.2053056078341644
1118170,1.3206596670679742,0.6794201486460952,0.353382571552011
1118662,1.3987330725876226,0.8456352558597834,0.3569558302995103
1119235,1.2977596521022665,1.0421125390289139,0.2599097165127058
1121266,1.3613117721788968,0.6117613416544738,0.008270729941254551
1123024,1.2460649293976984,0.9481141826875298,0.546777616575476
1123961,1.4736168255864703,1.0764368365150847,0.27410304263251617
1124751,1.4389924781085919,1.3530625462979085,-0.15821408770999468
1124998,1.4270917752057333,1.2101813892310873,0.7634541165324075
1125652,1.3145452859554654,0.48658625824569823,0.11134826587061453
1125939,1.3309093341313278,1.0796820591563565,0.11867319464140191
1126994,1.455224036859052,0.04069066368663887,-0.09185088129407526
1127447,1.2426843713544464,0.9335206901912735,0.6537014797534807
1128885,1.4608384718623417,0.9192040380538671,0.17490028690352943
1129922,1.4935202648165622,0.5632756919020524,0.08933590054448548
1130090,1.2187933669948272,0.7071363312881533,0.4095349464807785
1133271,1.1747579326877995,0.7721217859637353,0.0957236468382674
1137145,1.3209658123773602,0.8002661702521753,0.15877505629060584
1140326,1.1870115062144602,0.8143948679799772,0.32391014110974037
1141869,1.2549401735029602,0.9045346611668406,0.29995441857611405
1143812,1.414326605612266,0.8326264773146101,0.371933355433022
1143878,1.4586716381545592,0.9112932972040215,0.386493572352149
1144070,1.2903815713794198,0.9222301359665086,0.4260583632781332
1144772,1.3113693506960211,1.052466710225997,0.3120639164794691
1145681,1.3414943135375463,1.0649548732848328,0.0782132453469504
1145976,1.266167884991662,0.9718777604679363,0.5878420559825377
1150025,1.288899877449543,1.0552270340975918,0.6174959127380534
1151984,1.340400081480791,0.8266471648731077,0.06714741467905805
1152333,1.3072397327924765,1.0112960811486809,0.2899925894568901
1153075,1.4373017528113246,1.1822025057099492,0.24977558330899374
1155927,1.3195736072592337,0.5866051643454456,0.029061816574330046
1158551,1.4356430333957406,1.161236346593323,0.8243367218336862
1160936,1.3672463083631747,1.0504390715681389,0.3752235147787144
1162460,1.3435536230268015,0.9898684013108181,0.14838284868663765
1163412,1.4346804640453148,1.1777426444709715,0.1892009412888468
1164911,1.2654712284192315,0.852717171641465,-0.10191753216452981
1165149,1.4809442698474957,0.7620022390660635,0.22756363502714527
1165594,1.2371889280598707,0.8645110793535988,0.02634718610898279
1169163,1.3911451485012987,0.7691572927221587,0.15616072849535867
1169670,1.4265442399480002,0.8214753267561739,0.2850106199758018
1171041,1.182762728310994,0.8167101954553795,0.15737505309577005
1171262,1.3730399620770843,0.826283284490416,0.08648557208271801
1174169,1.1745443396044164,0.904218795844957,0.4241896751287437
1180808,1.385433099074191,0.7767011072618837,0.3552645169654389
1180977,1.2546211187176541,0.24816994722870256,0.05529805091851092
1181696,1.3984940310309475,1.1062055625585892,0.31048506866692316
1182513,1.2764388624509462,0.7329090406737631,0.38321337755804596
1184506,1.3393183688517898,1.0567592617228476,0.1387750403849901
1188530,1.432950364038502,1.0341806268530567,0.4784121914032383
1188867,1.2574312246402544,0.9021088584850984,0.12085363152787332
1188943,1.5177935567499132,1.3583909264657115,0.30603091111268654
1190927,1.1419573485583145,0.7901815345942824,0.35176064925490946
1193553,1.300032729269204,0.9103925882473827,0.4309741688491253
1199960,1.4581595687683273,0.882115855068591,0.11317580397609706
1200914,1.3462759161270619,0.7414095611961258,0.2512966406542114
1201318,1.268795211186312,1.0031263790277405,0.15671011093684095
1203791,1.440625440878526,0.8796626917946968,0.15557789158037338
1204403,1.311015254535254,0.7264914716038956,0.2305481959911283
1206871,1.345666810288018,0.5986582358110902,0.16580918304134995
1207113,1.2913665905360887,1.074076543137893,0.47263591129600724
1208572,1.5337050610001162,1.021227116414719,-0.19255217927171042
1209388,1.359397713404154,0.9612859213540821,0.6724457841297076
1214016,1.3858057711398168,1.0927652919152622,0.6527777940537531
1215301,1.2628579739299441,0.8215736054895345,0.3223327818712577
1217771,1.3014381427048005,1.0544320973330845,0.635776170182258
1219040,1.2847051267219285,0.8562918146814613,0.6147218375864851
1220743,1.4014136309142642,0.8974290973131881,0.09046289500669646
1223830,1.3184525003080747,0.6497069344451439,0.21723419227579244
1223858,1.232209619967354,0.892686267108627,0.5460480842854686
1226325,1.347091821348228,1.008815484058828,0.5949180146164642
1228420,1.3905835676885467,1.0189037342107858,0.4712446220826405
1230929,1.2742688852683293,0.6179792380272462,0.04810745815603479
1235243,1.4346359403617601,1.221983956381703,0.1713809570792303
1235538,1.3747821484233527,0.7492751817740884,0.1705444237466207
1236679,1.4615026810956497,1.262694473536907,0.922619416731832
1236806,1.3028903128277318,0.8630368461847716,0.2639252487693292
1238697,1.3293863380851734,0.7608110037442,0.10469097678479922
1242962,1.4074065246955734,0.9625669680002915,0.22101121273290958
1243925,1.348064468682415,0.9058845777245556,0.15740516805286253
1251353,1.3673740131576855,1.056847879924697,0.5370890492080904
1256391,1.2815852549977844,0.8920471464730847,0.47230281015786646
1257752,1.5790052994555153,1.1475008845803594,0.06352447004779138
1258419,1.3033625326771712,1.0113384901031366,0.5682047433131715
1259685,1.2885351427256375,0.6291205514367614,0.41722865687107835
1260032,1.392098395010087,0.9414966907400599,0.10773122725882378
1260295,1.300809559680193,0.8974011665494306,0.007347505319812209
1260571,1.4782419083726588,1.1472020942940837,0.3058541400614818
1261285,1.2778873630380283,0.8303860136510522,0.3948156041481766
1263787,1.2071320872809617,0.8760628700684029,0.4108638770994132
1267099,1.2611991222599572,0.9495047391841092,0.1454089255746066
1267275,1.1988426382084096,0.8130568443059653,0.2598606446213878
1271179,1.3654812606652902,1.03257635432149,0.5178889968460952
1271844,1.2653127446715857,0.6687101216683831,0.31319662738460696
1272255,1.2817322818934245,0.7207205088210579,0.23197328134158013
1273449,1.3479938006639884,0.9180741468670404,0.07521588900910503
1274969,1.288653647232045,0.7842136454611529,0.18043473704703594
1275715,1.3066619961836758,1.0137293814099986,0.5842354876720297
1277133,1.3824541185089925,1.0708178543581557,0.39288276106027964
1277161,1.2874244209426773,0.7498505237176628,0.34035114368890873
1284545,1.342200601332914,1.0405822637528546,0.3088482943637503
1284725,1.4985610822734103,1.2216205843908736,0.207582713785481
1284933,1.2950406759534592,0.8513148943546245,0.19759277258820862
1286150,1.3378473277503462,0.6496754864979113,0.35754524108097674
1286361,1.3857084734968899,0.7932600704884645,0.018323273407242713
1287236,1.3206009724674317,0.26124165200452454,-0.002680243917458802
1288165,1.23587019499718,0.52451210149317,0.0335048970381886
1288458,1.1600339591438602,0.8926251932386386,0.3903844468240343
1289929,1.2953200391110173,1.0161747983052467,0.2991567445420983
1290175,1.2480318148784915,0.7355036209847009,0.31050462996843253
1290869,1.3550843862388644,0.7594961814221535,0.48069448581339014
1292756,1.3446778922382854,0.8804104272770006,0.1543516188092411
1294055,1.469662879867786,1.0111802534740697,0.2321367107905552
1295878,1.2868543216558004,0.4420277286702923,0.09765880902309654
1297755,1.3856545626377472,0.7455087571260681,0.33962430474487904
1298926,1.3162438894403512,0.8451281518981478,0.3019376606921699
1299104,1.209222242583866,0.9044873628405918,0.2806205665594086
1302826,1.41118425963949,1.0387876589816667,0.2307703184532588
1304396,1.3928766467930576,0.9202109298544222,0.139726506132693
1305319,1.445712993912791,0.8776946156110965,0.025898088894186322
1305884,1.3583169309593213,0.17629016548863974,-0.14253144925576922
1305976,1.241326593064479,0.8551673820753618,0.2739958349014191
1308655,1.2614443139048257,1.0785870377568498,0.15422743366432157
1308705,1.3600658094131404,1.107086638720183,-0.03413691893129278
1308962,1.299374954943619,0.4413633473187396,0.2876682735339161
1309654,1.311287207532407,0.6049888953338335,0.2991593280380035
1310195,1.3587893888749862,1.081974947161175,0.013036304075836114
1310791,1.3557977685266849,0.6445138363785246,0.04586176904022077
1311053,1.493808695631658,1.1424334611401155,-0.013938977403761488
1312200,1.2517451476918706,0.6852035618033749,0.34537395437155727
1312767,1.4621345340642775,0.8828707273965849,0.050361104780746846
1313502,1.3739389210285442,1.036433642394756,0.00835241976866663
1314138,1.2286590216952327,1.0671112698596565,0.4214658179787353
1314405,1.2848086330700732,0.5067688401257723,0.06634505694795734
1314945,1.1851902039252171,0.9943460112011296,0.3105677409966522
1318102,1.3986122303661228,0.9329558174411436,0.40257458906878507
1318243,1.3713453249745098,1.099259319736709,0.16485933629505678
1322102,1.3615704203727206,0.9121553883633685,0.3609813034328947
1325063,1.2535111473430804,0.7648796899160386,0.3333459802551284
1328395,1.3988254306792003,1.2606941231249382,0.6487927153159064
1328528,1.4138018012041247,1.0105148419573848,-0.07009993889452837
1328592,1.4242157383448046,1.1832120357500555,0.1406591777419972
1331031,1.3378924513221935,0.8199570769651023,0.0827677695977398
1331527,1.4292564504270102,1.1353369763741894,0.20824132350178526
1333648,1.1752403753403189,0.8486832759207986,0.3830734666227028
1335054,1.251578394354095,0.8191785931294939,0.35254469311755465
1335278,1.1661620094184888,0.9696142614743419,0.5019660601586333
1335647,1.2428819580049515,1.001375080079867,0.6936575478969651
1337080,1.30647365885302,1.0752407234965455,0.30827476662529585
1339620,1.3784263363658045,0.3262176863369377,-0.1572805929130241
1342068,1.3073274152864136,0.8976988218407493,0.26919264703609613
1342106,1.2737020612758925,0.7609373071196656,0.24017027807738367
1342960,1.2581331938132034,0.8662460761723023,0.14112867388188044
1344632,1.326883471767692,0.9438789911753414,0.04879157693177649
1347296,1.3514918657085322,1.126741687530724,0.37634157745809926
1347646,1.3574787631286926,1.0946711563504001,0.1849918931152521
1349689,1.2603743989306957,0.9144100738538623,0.5211048935749842
1350817,1.2877414950622788,0.7851481286682985,0.3332619969649383
1352728,1.220924869614428,0.7642707226492595,0.044923205685707845
1354160,1.3487455773999906,0.9995501707662603,0.35441138584413123
1355102,1.2955969750530705,1.1325777354497593,0.22906491756849778
1358350,1.3334470312690563,0.870191983914598,0.12175571446580324
1358588,1.307543549851026,0.8597237832257303,0.28826460241972085
1359486,1.4078049691459014,0.8171560743468378,0.16650504999468052
1360323,1.2685942954666776,0.8854033073451383,0.2078732872670731
1364045,1.2534484373721917,0.8621229745265919,0.2901030322181686
1365701,1.3692883549313515,0.6906977509150916,0.3658485646418759
1368857,1.3027010243597896,0.699170549611554,0.15758193650042285
1370367,1.2770586441089418,0.816949307831836,0.07723139221002828
1371994,1.376836451699277,0.9102345378550548,0.20031197904151388
1372442,1.338290622714588,1.0430085364188226,0.343549097369506
1373168,1.3641322118890575,0.8367162643836329,0.16415662261090802
1373667,1.2896792087145468,0.9611990617876744,0.6362919336616952
1374162,1.3677246189024652,0.9429977347517409,0.5106700237777915
1374691,1.3169776396147337,1.074047364805799,0.3484342512571006
1377583,1.2664544029091847,0.6473397244685494,0.19076156903365116
1378337,1.3133511552904418,0.9270503489718918,0.31678622028570125
1378357,1.243467255514489,0.8260904195027045,-0.09994633403876496
1378522,1.3718666200567555,1.0203509777559288,0.09433802461924201
1378679,1.3782735332296547,1.0260946812549125,0.29815680686834434
1381351,1.4273216436570983,0.8456690064821809,0.32133149057544286
1384877,1.4877328157477743,0.5437551121185911,-0.14342207337550505
1385103,1.2942424881123247,0.6480032505717839,0.13661816580243358
1386417,1.3329330709332194,0.9432279555050874,0.48899692343017087
1388583,1.337464521571504,0.8824082713998082,0.3801865940065702
1394173,1.1815780540786487,0.9221470813893147,0.6169841818297428
1397858,1.2513131154501382,0.9954910597583748,0.5905591539586823
1399127,1.3275904621121537,0.847150087959155,0.3739342502455484
1399310,1.1844189125559978,0.863354482451521,0.36243544146814843
1402524,1.2142303603461229,0.9911789139093171,0.2620835319394442
1405027,1.1598161865375054,0.9679272641133052,0.525962891248082
1405203,1.3074200921529147,0.9539920710754873,0.3862742037324459
1407767,1.241635818941258,0.8878834284992195,0.12929055709414372
1412144,1.2435251411275554,0.7753381738016177,-0.10437134584876695
1413057,1.4280458972273957,0.22967706971534496,-0.06458188392835651
1413987,1.2013789582509977,1.051668102692458,0.23694013738453934
1414634,1.3073794787778967,0.9018656912436283,0.7517406538958797
1416007,1.409416170307566,0.9665598995344853,0.3618222822102193
1417166,1.4887159661427036,0.9445574106773442,0.15733163491996582
1419664,1.386030688268538,1.0001072807879816,0.23967584043659407
1420047,1.256885420410195,0.934160109508815,0.1851758655091451
1421665,1.4970545500959647,1.002978644596139,0.07639946064227987
1421711,1.3245210829248757,1.0115028524819243,0.22192333548920484
1425658,1.3296379725385217,0.8081060936739285,0.32477726977494104
1427628,1.26804564701181,0.6960255249984628,0.2657762577850218
1430963,1.3791266360956265,0.8835067938571959,0.06418042230162557
1432252,1.2437895359893476,0.8295496162126996,0.1949534777962565
1433274,1.3888988460254883,0.889397280931447,0.07458518162316397
1440793,1.3078801005937093,0.7262567670664613,0.3753849149633943
1441304,1.3355655128859554,0.8233989182307798,0.1035745221806954
1446373,1.3394142920937817,0.8452302269755982,0.15124971943150212
1447255,1.356133870345589,0.7835036041656176,0.15592347744240587
1447332,1.2822035006294845,1.0403277343009893,0.21015190024339903
1449348,1.204452843424558,0.6265909171128342,-0.015395023691944343
1449712,1.3163954966102371,0.9561840762264706,0.24201836339469418
1450361,1.3539955334787723,0.6730542090174338,0.1104751354920126
1450430,1.278605702718603,0.854881706730759,0.2803699225434073
1451602,1.3612799068404766,1.1751649155419308,0.24347901948734896
1452085,1.2254892059330966,0.8631109752144,0.12891221909494255
1454039,1.3141031738497237,1.1684327322251837,0.12203906876567927
1457605,1.4074449581578283,0.9735138804546759,0.1217857830249589
1458756,1.2207255433624788,0.9410891747183893,0.3250053468178823
1458878,1.1916308395645936,0.8766000311292841,0.2545856123933008
1463738,1.283712070082112,0.8731915566672882,0.39434738777430034
1465076,1.3666197746722397,0.6188529799585332,0.1066669909404262
1465961,1.304635193520785,0.9605294237840266,0.08874886254347925
1467387,1.2568109327720207,0.7212773633880452,0.4112019014571975
1467423,1.1986182437749147,1.01729343785329,0.21964919754998036
1468026,1.3424466850656844,0.8127732063231156,0.38228954772716384
1468813,1.2517326102264803,0.862449097501784,0.0912241485355092
1469102,1.085423917595401,0.8165013612567442,0.027603199944915335
1475909,1.3172205342077423,0.8717105359492351,0.22594356098316581
1476811,1.3182513558827362,1.0640214838024358,0.02499707704646259
1477590,1.3429731733490917,0.961740822790296,0.5450362345821972
1477918,1.309300255470579,0.7852417847503796,0.20285068104994153
1477929,1.392307616682642,1.0543337488476183,0.5199396714115619
1486902,1.290562370697672,0.9529707392317791,0.1623074960590697
1487638,1.2198027236014093,1.033196862710539,0.453066392419202
1487710,1.34796999362779,1.0786257008613729,0.15098854124853123
1489277,1.3491512313097809,0.9362832359982767,0.26552721972259374
1491403,1.17842651684301,0.652062386044509,0.234143854832231
1492063,1.231592515597826,0.831529959966856,0.30976914509724374
1496252,1.3430535941688633,0.9926310450169101,0.0952173861266713
1496880,1.2984000854136768,0.9710764895932658,0.6382208378452823
1497386,1.1948052138808376,0.975005033189114,0.513824302179267
1497418,1.445141713190091,1.0771423923945975,0.12434296494011976
1498338,1.581134143181588,1.1631875264978855,0.16836786160083472
1498758,1.3359271832389097,0.5071538947126301,0.17169909426475372
1498791,1.2652422139911417,0.9360134492836134,0.30910190624033995
1498838,1.4178749962904704,1.0157119952369462,0.21740447996703394
