,surface_warming_2015
0,1.1636462084918615
1,1.0466215544978583
2,0.8640227820089585
3,1.154093382977127
4,0.9970006217984805
5,1.0883421111092741
6,0.8534859508692696
7,1.1655721228367932
8,1.1411454516266466
9,1.137658962688497
10,1.0578395655535169
11,1.2540408985425868
12,1.0393388399090622
13,1.0345471461342775
14,0.8871892599096685
15,1.1291489277228042
16,1.098391018476605
17,1.0484581392559584
18,0.9380163849936337
19,1.0643787200606543
20,1.1852641435870601
21,1.104121279689085
22,1.1438615657481308
23,1.1802014759509927
24,1.2017769303843004
25,1.1797426444808798
26,0.8956093253009053
27,1.0575364999710914
28,1.0763105715601529
29,1.2080814733961414
30,1.0288106911927946
31,1.1299201851384395
32,1.215144359277883
33,1.1730409723409672
34,1.3130709677596726
35,1.0964411800110994
36,1.4078340235396887
37,1.2280665645706415
38,1.2411015439895756
39,1.088333141224802
40,1.2688361122981147
41,1.3089352343980845
42,1.04952116576366
43,1.263352039726584
44,1.1989694201419487
45,0.8417560051006598
46,1.0599041206232487
47,1.3580041475841145
48,0.86353112399567
49,0.931721830298926
50,1.205365950360338
51,1.175934486048574
52,1.0247822990365982
53,1.0917262457605208
54,1.2379510514692913
55,1.0990878780437212
56,1.195186270274669
57,1.0317132096299773
58,1.1288621467931343
59,1.1654212591846536
60,1.0951047437125645
61,1.0486220772517538
62,1.0347342962674881
63,1.1968650601963118
64,1.2455509569313996
65,1.2072702313749941
66,1.1591585834131908
67,0.9685455343864341
68,1.0115126039004299
69,0.8447061146483922
70,1.3021290485804133
71,1.222732450997782
72,1.2228437181522898
73,0.9954594824651998
74,1.2241740195320951
75,1.2907970234387198
76,1.3587682764208173
77,1.0027752571954918
78,0.9657195715418896
79,0.9392628365373179
80,1.0535890436078876
81,1.1001428828658804
82,1.0261746092444288
83,1.1545520552192148
84,1.1704162225305588
85,1.287282261964839
86,1.0765839013085614
87,1.1810919249895409
88,1.0083180009849704
89,1.2080140014858687
90,1.0689507251562205
91,1.2058703722936919
92,1.1931638137520975
93,1.2837298362822231
94,1.2717591720287382
95,1.1031850941037495
96,1.039459959918604
97,0.995203589108605
98,1.230828404130353
99,1.3721615810563472
100,1.2036011861678402
101,0.9810339114279535
102,1.0477726190934975
103,0.9783898168769524
104,0.9175118967765187
105,1.2811154105697766
106,1.2149057011819266
107,1.1827414477755505
108,0.9182105174955225
109,1.2130822753698842
110,1.01263552237831
111,1.1582297612664738
112,1.0147924890343147
113,1.3261983919183757
114,1.2661918468768065
115,1.4261291066905928
116,1.1081883671909636
117,1.2330191880552834
118,1.15269254009669
119,1.1338529211317967
120,0.9624717386586612
121,1.0096427973182434
122,1.0607582732684735
123,1.0404072568422773
124,1.0627463030885216
125,1.22617136942986
126,1.1512277030892997
127,1.1998627758511415
128,1.0487983851815832
129,0.9822254623889254
130,1.2470916111484915
131,1.1809033567099227
132,0.9342737369421766
133,0.9065929397658398
134,1.1031600429108268
135,1.2095059785493119
136,1.0564998411116462
137,1.111724186696509
138,1.0822748428902251
139,1.2202485189617613
140,1.1345584030925533
141,1.3185204968938211
142,1.1248982716423912
143,1.1520375229131066
144,1.1393604414408545
145,1.2141039029005007
146,0.9304708075957606
147,1.2286059326920444
148,0.9829379634892298
149,1.192444949991093
150,1.1926162568472258
151,0.7640063007171778
152,1.0705553271346355
153,1.1279066282190406
154,0.9902810288005309
155,1.2216909200219384
156,1.0584607173053264
157,1.2148070931265509
158,1.1530587810373985
159,1.1990260870400644
160,0.8199864576694849
161,1.184124531097675
162,0.9822808708329528
163,1.2797784709683842
164,1.077370826135446
165,1.0301289004691174
166,1.3869610946761934
167,1.1006125479558957
168,1.1522208849372704
169,1.2501010932777583
170,0.9496098401749645
171,1.0520486174023893
172,1.2119525863080698
173,0.9736709741952901
174,1.0668739576121813
175,1.2295348493861442
176,1.0768178829877173
177,1.3064401092171312
178,1.1251510914627518
179,1.0848231634127452
180,1.1105447193072284
181,1.1429754856003997
182,1.1437694448341458
183,1.2881062155630514
184,0.9386053739794471
185,1.0063156914818658
186,1.0366923329490536
187,1.1525954230382087
188,1.1796661025478792
189,1.3079433409130012
190,1.3225237687931712
191,1.2818367276612008
192,1.1555589257710621
193,1.2941560883502876
194,1.222656396945479
195,1.1021966329843202
196,1.158211641405623
197,1.190278470011477
198,1.3138674885287864
199,1.212295820267033
200,1.0745969970253566
201,1.1436978555719102
202,1.269130528678828
203,1.106454652037586
204,1.1788249980875398
205,1.1368477407821804
206,1.099484613022256
207,1.0002941259388036
208,1.3153186564823018
209,1.1112207124808995
210,1.168751719398177
211,1.2353891934370766
212,1.0281086109878426
213,1.1062703331661923
214,0.970998326263473
215,1.141261378251592
216,1.2583171497567576
217,1.0412504720410083
218,1.226952823394869
219,1.0644955913982939
220,0.9936366413307368
221,1.033367567049602
222,1.1264413803725981
223,1.1182639627712918
224,1.1463275671658812
225,0.9924865769429619
226,0.9954123337050821
227,1.3493646299849997
228,1.1379926158693672
229,1.310126709904643
230,1.1166090760051182
231,1.3685130635000151
232,1.1941495954906953
233,0.9853134432088232
234,1.164097730620302
235,1.1531485028273871
236,1.0876036604711756
237,1.2407231015928355
238,1.0557995536739315
239,1.1577526696954359
240,1.0654019907660892
241,1.199785601701131
242,1.1775532189335434
243,1.2282265001181671
244,0.966898405669397
245,1.0771278516199296
246,1.1405669580998898
247,1.274947827495398
248,1.2896892805806264
249,0.9710906614511147
250,1.1896895796715938
251,1.2028990902815888
252,1.1489755753210353
253,0.9229985072980985
254,1.0389868583906798
255,1.2792702984031799
256,1.0127784109425475
257,1.0567220575008252
258,1.2034012163478756
259,0.8091015308498182
260,0.9455984346070009
261,1.0919799677347588
262,0.960817140964762
263,0.9403993048783483
264,0.9562724393581762
265,1.2380164330298564
266,0.9890763748389887
267,1.227389829271619
268,1.4079099743724623
269,1.1890819292553396
270,1.1386604050868083
271,1.1214595045017508
272,1.3896089862909071
273,1.0357360090878251
274,1.0502113054811604
275,1.1158507677294769
276,1.1901705795914106
277,1.071552819677097
278,0.9296846556025076
279,1.1180320752687143
280,1.131987475757557
281,1.1991046250175161
282,1.0322419266504563
283,0.9210988700032273
284,1.1164927795925692
285,0.9822061617711314
286,1.0778486212316554
287,1.0043138387410555
288,1.0482550580854118
289,0.8415468576598614
290,0.9268280695254023
291,1.2692330616961112
292,1.0209959016919572
293,1.0945111265844658
294,0.9983842995604372
295,1.1394691051054209
296,1.22868026784744
297,0.9351037089915334
298,1.118348675754676
299,1.3559309499032195
300,0.9253002456850429
301,1.0717787945829214
302,1.1156278647030864
303,0.7892294818725922
304,1.1063844213676197
305,1.0910725734403894
306,1.139170829913036
307,1.0473586498001834
308,1.1119185078659903
309,0.938710099162605
310,1.3665147606887755
311,1.1076589206535643
312,1.2612554572159969
313,1.079009728889205
314,1.0139811008578206
315,1.2154830696519494
316,1.2544062701964918
317,1.1206641590047943
318,1.2908428361173292
319,1.2951295727966188
320,1.1191074915800328
321,0.9547219041698151
322,1.279184856521408
323,0.9714863394630989
324,1.0486215601823923
325,1.3549667016311875
326,1.1553826096710154
327,1.098592892544017
328,1.1074357436240683
329,1.1242454946767748
330,1.1887476235911985
331,0.9688745779950451
332,1.3294248352604172
333,0.8683053347251467
334,0.8811253401224709
335,0.9725424645687427
336,1.1459502478717387
337,1.0828947526188903
338,1.3118246732618126
339,1.1208523924654905
340,1.047925454721026
341,1.2526973524077576
342,1.1217795937343156
343,1.0711683569634136
344,1.333574509171056
345,0.9450577475406475
346,1.0920631785625776
347,1.0461409482149615
348,1.023656070011287
349,1.215550614351887
350,1.0030970789896316
351,1.1279102217674466
352,0.9988956135744195
353,1.0324621890519556
354,1.2615203790258995
355,1.1767661734042756
356,1.1969525159084249
357,0.9051846232872376
358,1.1478691721780536
359,0.9392002527827893
360,1.1429450394454772
361,1.2075585827286344
362,1.3095371411394203
363,1.336262905870694
364,0.8950897642470554
365,1.1305403470575737
366,1.153643467300573
367,1.124887799784481
368,1.175856872146841
369,0.8530147287341348
370,1.0266669466794451
371,1.094706392171651
372,1.0116564298617408
373,1.217944633895128
374,1.1504201732753359
375,1.066053884066315
376,1.2455392831532515
377,0.9554869333357368
378,0.8074328069461847
379,1.24013396449106
380,1.0686107591269516
381,0.9704967316063677
382,1.0697684169301858
383,1.2104577869884903
384,1.13597624164542
385,1.1003234875917909
386,1.0996205111216164
387,1.2876795135370553
388,1.0427049858745896
389,0.9387677400104886
390,1.1352197443596692
391,1.0907052593603215
392,1.0418665126414073
393,1.1037113198411186
394,1.2527853187410831
395,1.0002288557973151
396,1.2442289724247217
397,1.13399491879906
398,1.3213884004686833
399,0.9031052387473263
400,0.9453991684513107
401,1.1963013287151956
402,1.339026479612484
403,1.1480406466440232
404,1.130329863206875
405,1.1034290518466894
406,1.1816708187799998
407,1.1342616351547083
408,1.1300848710793416
409,1.283699861809859
410,1.0104523116378186
411,1.0982195190479027
412,1.0835594087274587
413,1.0964243071076067
414,1.0771701664493785
415,1.116910419025794
416,0.8347229724627941
417,1.2105888897418038
418,1.0795822943315705
419,1.320363598045987
420,1.0506142097411733
421,1.207693536765782
422,1.2445213877626449
423,1.1073875175005568
424,1.1168844038523003
425,1.0688375514725554
426,1.2641209905474837
427,1.1649375797370722
428,1.0882542609086192
429,1.2000493059749258
430,0.7655533770153683
431,1.2077108910735244
432,1.230113099496033
433,1.2120890760409382
434,1.0285866226080964
435,1.1316423866770307
436,1.0294569385091448
437,1.054741949948256
438,1.0199236221426542
439,1.1672531702815938
440,0.9816596682427919
441,0.7991800574908644
442,1.2992769976329557
443,1.1227032180012895
444,1.141864851258223
445,1.2916483853010838
446,0.9633287356601256
447,1.1349164831666863
448,1.238828597881561
449,1.1217023779749797
450,1.1340226073470445
451,1.0698943594143562
452,1.2507231488825852
453,1.1575608349120712
454,0.9787493729252777
455,0.8880247322599446
456,1.097030592559256
457,1.0127711865634574
458,0.9006750979701384
459,1.272598944899706
460,1.0863375597855396
461,1.2032207245479194
462,0.9896357978134666
463,1.066988107755976
464,1.2931877598184562
465,1.2041269008728577
466,1.1542338977912898
467,1.286931851846357
468,0.8756947047783822
469,1.2319762574896376
470,0.9594739096284534
471,1.300032264900291
472,1.225756088274926
473,1.1706721559922935
474,1.2158713769642766
475,1.1584703061227075
476,1.0908961976906415
477,1.2210000061297288
478,1.3190608203302334
479,1.2072827515295819
480,1.3452754406572671
481,0.9628527645676083
482,1.1119503497841579
483,1.1124482908663142
484,1.2422091257286665
485,1.129343394864288
486,0.9009124944293837
487,1.0330203374234026
488,1.1035782062456967
489,1.1220605560683623
490,1.1831259019479283
491,1.0857552020999068
492,1.2945733156354535
493,1.098359463937045
494,1.340008688694735
495,1.1500463740136602
496,0.8321700762924319
497,1.0570748053633552
498,0.9478352951279428
499,1.1032323776282764
500,1.2792366021450259
501,1.0819170618601213
502,1.1376268378663088
503,0.8435501282821367
504,1.0307696052337723
505,1.1378673053419943
506,1.3375899002953409
507,1.1814226996275479
508,0.9875447619238827
509,1.2612399500301268
510,1.0974258576284872
511,0.9508711180742706
512,1.2894827590865336
513,1.1429968357968123
514,1.1991416205026284
515,0.949358699217412
516,0.9825742416887872
517,1.1969019319139798
518,0.9981589634162588
519,1.218990746778628
520,1.0081780137068486
521,1.367198695152961
522,0.9525556290237396
523,1.2403048871627926
524,1.2303944552638195
525,1.0676960256817933
526,0.9965060364838806
527,0.8942689999191287
528,1.2069818703750235
529,0.8871148005988523
530,1.2735635486839665
531,1.1827649120980488
532,1.0893644165311756
533,0.9686194028889423
534,1.1019075373422735
535,0.9699598131734283
536,0.9716329496287516
537,1.2369536565522137
538,1.103896002971239
539,1.2345956579061435
540,1.056634910256212
541,1.20387385240159
542,0.8683106144758058
543,1.0695310406489034
544,1.0776210108361766
545,1.2755045381176537
546,1.2740221109425098
547,1.098064775386847
548,0.8753145830141744
549,1.042088250070746
550,1.054081811767904
551,1.0484191889562364
552,1.075546971736118
553,1.0263512123385619
554,1.251042900891473
555,1.2040804191295167
556,1.2182835708628748
557,0.8897556078364269
558,0.9501957953989184
559,1.1074260232785882
560,1.1091677978122325
561,1.172736589906842
562,1.1593429701693805
563,1.3040499839479054
564,1.0297241012767109
565,1.0242366978656339
566,1.0438119063427598
567,1.0401448406638112
568,0.939160622597286
569,1.1856086056446333
570,1.1736446909253448
571,1.2797815162513793
572,1.1605471498646405
573,1.296202388580408
574,1.1461357788703919
575,1.0556424700585891
576,1.0185916834379731
577,1.2141318713436937
578,1.078941366149281
579,0.9883666933302605
580,1.2025512488446881
581,0.9695357422014786
582,1.1696911894950888
583,1.162775561245243
584,1.3974299646642616
585,1.256157334741547
586,1.1650665667777087
587,0.930561163931106
588,1.072277144698806
589,0.8798290142525015
590,1.2952883084607674
591,1.2683471594362121
592,1.1852823897287537
593,1.2780270691757778
594,1.2041269643499168
595,1.1926757499709923
596,1.259593223045469
597,1.2604162524136036
598,1.2888281122214953
599,1.060783510655352
600,1.119623342416991
601,1.0573155905896439
602,1.2096293559092488
603,0.9541348575657502
604,1.3290826072710762
605,1.0685953412060156
606,1.2145187344792516
607,0.8477921797338823
608,0.9124797648200895
609,1.1446528261249114
610,0.9806317032154604
611,1.0802484543974953
612,1.0773993683893646
613,1.0735300100484189
614,1.070791371708741
615,1.132882604769446
616,1.0122126311064599
617,1.2714658712103288
618,1.2294874082761096
619,1.1645095113704174
620,0.9158034151974525
621,0.9554217066814699
622,1.1801980225950532
623,0.9273265013790566
624,1.065788945744079
625,1.006711697477114
626,1.2383645219706798
627,1.0045322244306236
628,1.0284237498611044
629,1.0174307150484938
630,1.019026447009482
631,0.9186314362677435
632,0.927772700258919
633,1.0270631720300565
634,1.2917650483944327
635,1.0755218341616182
636,1.278887985401334
637,1.0851421478088956
638,1.1534773202736246
639,1.3095873889216834
640,1.007256422626245
641,1.216332358766126
642,1.2216386439717177
643,0.9631034475180023
644,0.871204638859308
645,1.3000905702672823
646,1.1562564809033256
647,0.9343394545370439
648,1.3076420490193477
649,1.16489604804835
650,1.3400483888055192
651,1.019207047226283
652,1.021365210897161
653,0.9941278433759931
654,1.21781526810652
655,1.218571763568554
656,1.232012927961506
657,1.001784993474502
658,1.0539896982901769
659,1.101649020558681
660,0.886817303881041
661,1.0062817266888913
662,1.232827948578584
663,1.1618981406390798
664,0.9568336855158875
665,1.0967362545089232
666,1.1351380890116385
667,0.9926258649101042
668,1.1720755798398552
669,1.1142677110437766
670,1.016128740032737
671,0.9368394003744467
672,0.9859918838595348
673,0.8651866333542475
674,1.2087219479542055
675,1.120774798570086
676,1.1198550205460838
677,1.155589929485
678,1.1469296116717032
679,1.1112042305402947
680,1.2234222857291521
681,1.1718087220008369
682,1.2151723256994864
683,1.2437276035405351
684,1.1722969694269487
685,1.1779410413174674
686,0.8399043196509789
687,0.9486740181227856
688,1.0448893015298673
689,1.2275823408643105
690,0.9761856130746004
691,1.038524534452181
692,1.1745796775199135
693,1.3066750623553243
694,0.9724565785788557
695,1.2455801589078446
696,1.0425545768905646
697,0.9928039391743234
698,1.3537013371156976
699,1.0158296573705123
700,1.009355971812627
701,1.363260439529975
702,1.1628661758584915
703,1.2488647516273166
704,0.909341057297251
705,1.2016532337342793
706,1.154945322183515
707,1.181611782637836
708,1.1458216197555036
709,1.2577938129440032
710,1.1201549166052582
711,1.1373156987810185
712,0.9932890204774315
713,1.0565757081309273
714,1.2605683228203977
715,1.2213495600067628
716,0.7854078833456268
717,1.240759063285136
718,1.162752352770005
719,1.1133928348954822
720,1.1341707811266417
721,1.1424308102059322
722,1.035206886181288
723,1.0564745536133335
724,1.2302596617346166
725,1.2533671909203523
726,1.0997477807091043
727,0.974272127593245
728,1.1533729297315904
729,1.0190328036026362
730,1.0261223831100046
731,0.9390751401079025
732,1.1109899380809112
733,1.218626379448367
734,1.116097473440325
735,0.9944399703282291
736,1.3206656773385794
737,1.0498743767038192
738,1.1414634765414502
739,1.0126356365580635
740,1.0820644438909897
741,0.9752390475030596
742,1.1548766010057334
743,1.0895603260030717
744,1.1412338662638462
745,1.1027071231065135
746,1.0969213475946242
747,1.0808907968502846
748,0.9385400024490287
749,1.2583038001963076
750,1.3431538718800913
751,1.0680211578387406
752,1.2793028583502397
753,1.0999136343558513
754,1.299566185596328
755,1.3812718789386755
756,0.989446378489221
757,1.163590197578067
758,1.2647364816404196
759,0.8608482114637411
760,0.9723740778668829
761,1.076288890154947
762,0.9110722675176005
763,1.3324218815557356
764,1.1088862462253655
765,1.240349506308613
766,1.1805037871773232
767,1.1939261010905131
768,1.0414495219913804
769,1.1134731581217339
770,1.0841147222586596
771,1.0888916177368309
772,1.1616313443889181
773,1.2171082907824413
774,1.2377950405422111
775,1.1436600677550164
776,1.175840940474373
777,1.1069510299003662
778,1.2179311798677093
779,1.039622353360833
780,1.030222793184461
781,1.0287423213433193
782,0.9597337426123846
783,1.0053390369711872
784,1.2668681681945109
785,1.1238266941306798
786,1.054091416357677
787,1.1233299833874941
788,0.948147081162026
789,1.1357832154814487
790,1.2857459428296911
791,1.3101634778830133
792,1.2406259762468541
793,1.172776176814828
794,1.1433895717709737
795,1.1229635026864524
796,1.2865652457970533
797,1.028990831124939
798,1.252301880255442
799,1.1554826133664768
800,1.2075280648527276
801,1.2458630268578728
802,1.0820876804242374
803,0.9171788708557607
804,1.1420031122191086
805,0.901884287231054
806,1.0791812690613258
807,1.3288852687523902
808,1.2204650542931597
809,1.0872592347793368
810,1.027696147753117
811,1.1734723985881104
812,1.1355752831452826
813,1.155526334993516
814,1.1419572758272811
815,1.285747213188491
816,1.1191138917655614
817,1.279790209939026
818,1.2092690052645358
819,1.0236773359176512
820,1.2860286678832917
821,0.988012942439133
822,1.1727516359698598
823,0.9916398796742035
824,1.0013743707350513
825,1.112720698542987
826,1.01226989719146
827,1.210876689143276
828,0.9351212764181558
829,1.2100429148124046
830,1.206389691269584
831,0.9934079676902393
832,1.0479647336242581
833,1.138794095362642
834,1.3374364795702518
835,1.0502003012417345
836,1.3141161176282146
837,1.2904297263893083
838,1.3042665129176143
839,1.1211823321561498
840,1.0808383224422888
841,1.0156499861332628
842,1.317559658596692
843,1.204544555914702
844,0.9281723250108368
845,1.1567337229809693
846,1.1181031008924927
847,1.1045740481293866
848,1.2399694649467636
849,1.2144864603964765
850,1.1750297683330597
851,1.1219851717409335
852,1.2393791576386386
853,1.064800356636757
854,1.1411156558071198
855,0.9773346102285675
856,1.027184892428052
857,1.021642456008808
858,1.2582777308589623
859,1.137933784267077
860,1.1710645665256103
861,1.1734431790334567
862,1.0091420346709397
863,1.2088140726400054
864,0.9419694562355784
865,1.2487153449053259
866,1.1012669236215995
867,1.0127376941855428
868,1.1957484435362948
869,1.2200147375641932
870,1.0546020042857256
871,1.0445283454476257
872,0.9271592318127198
873,1.2130332309148613
874,1.0753039321650846
875,1.0295921654544293
876,1.2568728964610192
877,1.1952612227946884
878,1.293508598448509
879,1.2924899520641393
880,0.954026613562962
881,1.1282317156717054
882,1.027046796825208
883,1.1306207464355946
884,1.093334655933539
885,1.019810498677714
886,1.1466493065501537
887,1.1970911451888933
888,1.0519733830708362
889,1.3159237118782547
890,1.2787235700457313
891,1.0349491644188342
892,1.216205898818845
893,1.2296479786784031
894,1.0694647954156826
895,1.1014431541674536
896,1.2011969500163109
897,0.9018484161724513
898,1.3282371702002176
899,1.0905486482435727
900,0.8485948171148827
901,1.3159425130425566
902,1.0791632605053385
903,1.0592495457617925
904,1.229252754338618
905,1.3876290184005042
906,0.914932475115985
907,1.056959996007155
908,1.1528760847073851
909,1.261604640286687
910,0.9352648417432771
911,1.1923878384418711
912,1.4060787116090974
913,1.0144630612346055
914,0.8690247065648825
915,0.9109106213678809
916,1.134096369265309
917,0.9837715199536433
918,1.1590973757486442
919,1.2999179509461283
920,1.1351573229682406
921,1.1477624537236846
922,1.1104979912503041
923,1.1336974732431702
924,1.15986467216262
925,1.1646736897035344
926,1.0800185844663326
927,1.0561051096481369
928,1.0622853062437945
929,1.2452855607943327
930,1.0714413609897262
931,1.154290790677715
932,1.2742170711710394
933,1.3710737254095648
934,1.2573996797597973
935,1.0323135621073911
936,1.1599335114617042
937,1.198871969676404
938,1.1590765499782343
939,1.054101390828626
940,1.0646770481092287
941,1.0333303355830505
942,0.9756568709508889
943,1.0789194957074146
944,1.158176109452536
945,1.1898445261935389
946,1.3336892083822196
947,0.9860043964367223
948,0.9444585031762948
949,0.9274512470544732
950,1.2310366180748735
951,1.2710954067526536
952,0.8983368402676449
953,0.9756626425231903
954,1.2231368424506113
955,1.2186956357038699
956,0.7995728193048
957,0.8840682130853401
958,1.1571170029232083
959,1.179809318904796
960,1.3023838751479189
961,1.172488448429497
962,1.1411123325787353
963,0.9969803225008237
964,1.2176309678077182
965,1.0769618055596366
966,1.2782802718269592
967,1.136307237771843
968,1.2884211430334842
969,0.9256119412328161
970,1.2268284529758589
971,1.0610041114224829
972,0.8988541403342037
973,1.2012730836869778
974,0.8491240229620117
975,1.049377636577581
976,0.8741537339580328
977,1.2009823146716165
978,1.1772938989426946
979,1.1405199950685443
980,0.9434441187626964
981,1.2309390106780391
982,0.9508788229474141
983,1.1613192341082126
984,0.9747954956363486
985,1.0134520331607826
986,1.215686031527346
987,1.0352316028614497
988,1.0149248150497274
989,0.9119327780625256
990,1.1106382922048712
991,0.9300271641830425
992,1.1343947493858906
993,1.2281744059245425
994,0.9233647090455159
995,1.1636009888469085
996,1.2680082933842316
997,1.0534363555962378
998,1.1969691441883286
999,1.1288269576949275
1000,0.9138299882379671
1001,1.0037006845541927
1002,1.1039838378150693
1003,0.8739668546279884
1004,1.211401195734803
1005,1.0810229936790625
1006,1.1046984501281418
1007,1.1049514148978457
1008,1.1193197526194898
1009,1.0263291721861258
1010,1.088794629721273
1011,1.323034800795127
1012,1.0793688546236595
1013,1.05073305374477
1014,1.3524332250301438
1015,1.2728077081474742
1016,1.032179169051004
1017,1.1089626052048156
1018,1.02290823958357
1019,1.226411888020876
1020,1.08514337154118
1021,1.1299709505010243
1022,1.2992767595598234
1023,1.119570694543305
1024,1.2072288315474995
1025,1.2338052964873523
1026,1.208754107509145
1027,1.1684940424624792
1028,1.1675608111285753
1029,1.1891535761721408
1030,1.2510564466961376
1031,1.1457053045552672
1032,1.186008023394383
1033,1.1620949900449875
1034,1.1960874330671833
1035,1.01976316628163
1036,0.9646856947684405
1037,1.2353092570687947
1038,1.0784351518799502
1039,1.1136410763103903
1040,0.9017162523679672
1041,1.186078180227256
1042,1.0663696046939046
1043,1.3004578008961487
1044,1.0010652131616733
1045,1.0209938292740297
1046,1.1886225675222435
1047,1.130892677537179
1048,1.261347486457134
1049,0.9833242321151189
1050,0.9270169969305934
1051,1.1449805786939309
1052,0.8307777685314811
1053,1.0764106683812416
1054,1.2692897447667555
1055,1.2169990961838666
1056,0.9629290457617911
1057,1.3284954180278028
1058,1.2021479695690274
1059,1.139134660607644
1060,1.07425197576337
1061,1.1414690939152496
1062,1.251931868966992
1063,0.9952669174814942
1064,1.0597495299271227
1065,0.9987953633125611
1066,1.289935880134351
1067,1.2234233237825154
1068,0.8259062473138662
1069,1.2058780784750085
1070,1.081497230092729
1071,0.8970341161467252
1072,1.1307035381424937
1073,0.9255825775315408
1074,0.9942170120833592
1075,1.301007672621866
1076,0.9986703354159935
1077,1.069654933002453
1078,0.9395323014336119
1079,1.0363600192049316
1080,1.160743553067356
1081,1.0843711485901673
1082,0.9160321260823162
1083,1.1980950397220695
1084,1.1437261398183738
1085,1.0900089013110659
1086,1.070439548637526
1087,1.1826232731925153
1088,1.0481819131129004
1089,1.3543110067091688
1090,1.2375208801896882
1091,1.1781483509471795
1092,1.304824569871534
1093,1.2285782087114803
1094,1.234192625942503
1095,1.2672946471018505
1096,1.275400340762503
1097,1.2423459558012637
1098,1.3109860620958567
1099,1.0843795513464518
1100,1.1030068487945557
1101,1.0438334482952616
1102,1.0852287990276057
1103,1.1980771742172558
1104,1.2213741916877328
1105,0.9344747244141978
1106,0.9216200716803837
1107,1.1250539996387081
1108,1.000650447583328
1109,1.0423199885051377
1110,1.193823971408516
1111,1.3976319229712835
1112,1.2037471396505945
1113,0.914283468668012
1114,1.2653965250247334
1115,1.1039786744145985
1116,1.403665439145969
1117,1.1766325913188531
1118,0.9933872807691112
1119,0.9856200588183562
1120,1.043319813403072
1121,1.2129182306081399
1122,1.1630346276443584
1123,1.0937254744467322
1124,1.0351991549529682
1125,1.0161435904583596
1126,1.3339863364438096
1127,1.091143198491877
1128,1.0992365202654444
1129,1.0412022690868796
1130,1.1856627933399455
1131,0.9588061701261524
1132,1.1303259486561017
1133,1.198688950164184
1134,1.2196556021605658
1135,1.1760000488074382
1136,1.0052344263411723
1137,1.0709676580929557
1138,1.087946822761039
1139,1.134418899092823
1140,0.9898347703159868
1141,1.1533618153882839
1142,1.0431481871064547
1143,1.0291482293389485
1144,1.040162995890812
1145,1.1567417382445164
1146,1.066742351023894
1147,1.2718056414014267
1148,1.1459460796156438
1149,0.9062765138396449
1150,1.0197697725382522
1151,0.9176840750551897
1152,1.3223716198478122
1153,1.2596557509344044
1154,0.9511713847372966
1155,1.2423562519827112
1156,1.0223560952515123
1157,1.2521563968739073
1158,1.012627961115105
1159,1.2629529872292116
1160,1.0100440765283247
1161,1.2176253831759603
1162,1.0970772415231007
1163,1.1543051018847725
1164,0.8691644746593545
1165,1.015878235603446
1166,1.0546097499706208
1167,0.9817795888415529
1168,1.0559453347477752
1169,1.0012132947667607
1170,1.1716824092348785
1171,1.1302684989299814
1172,1.038509801390643
1173,1.1968174376944045
1174,1.2793562720197196
1175,1.3646576249222653
1176,1.1848915500621802
1177,1.2234242739226833
1178,1.0696697436119504
1179,1.2071270019385119
1180,1.1126806574626662
1181,1.1310298233681522
1182,1.2806779925547849
1183,1.12350001861545
1184,1.3992703210287032
1185,1.0666156343389481
1186,1.0182455704644005
1187,1.2993099373798667
1188,1.1883709160220373
1189,1.0233512404554852
1190,1.022415689586163
1191,1.167687086657835
1192,1.1603263294504331
1193,1.129320541319458
1194,1.0726022974467795
1195,1.00698170984345
1196,1.1843821152431349
1197,1.1466551245873338
1198,1.0326503762294665
1199,1.2594572441808358
1200,1.0313061620261057
1201,1.027878166032322
1202,0.9944498675337975
1203,1.0417551300062384
1204,1.1389772231294897
1205,1.245435786344438
1206,1.2062720872931214
1207,1.2737328574963223
1208,0.8801289964421508
1209,1.0570318185514243
1210,1.100751508175008
1211,1.213279683468432
1212,1.0203766339245885
1213,1.164082955592331
1214,1.2436263832023777
1215,0.9524650047773238
1216,1.0694817382479718
1217,1.234744151630176
1218,0.9835327785141029
1219,1.0415319909976044
1220,1.1633450616406122
1221,1.111832967202997
1222,1.2021110627077287
1223,1.1235518965792854
1224,1.0921962122081812
1225,1.211628705171798
1226,1.119464593367271
1227,1.3054827746198345
1228,1.1238144051287322
1229,1.2977507200759901
1230,0.9602675856005761
1231,1.38196645316693
1232,1.0512764627519435
1233,1.071130927523411
1234,0.9874722780864179
1235,1.0910148969727018
1236,0.9252923399453936
1237,0.9364240112549874
1238,0.9412105121847497
1239,1.2278771209424746
1240,1.0248803424406887
1241,1.0744061139192298
1242,1.2233644333078173
1243,1.1454933604329298
1244,1.1848845780991666
1245,1.2229458136867088
1246,1.1607093171562384
1247,1.0300792783034125
1248,0.9811911600806761
1249,1.278585593356261
1250,1.4055722200035272
1251,1.1584301648439914
1252,1.19330628979891
1253,1.2026843482051204
1254,1.0390681305558926
1255,1.0291447004779721
1256,1.0198011742035376
1257,1.22281116784285
1258,1.230406527945679
1259,0.8572681966535647
1260,1.2953037471002493
1261,1.0891294503652533
1262,0.9041856260205716
1263,1.1426614063883536
1264,1.1885588352703604
1265,1.2299882432745242
1266,1.280873663536417
1267,1.2373870105888507
1268,0.9625451685197225
1269,1.0648493185992112
1270,1.1871516694769726
1271,1.0804623741037038
1272,1.2979505359239223
1273,1.2777707568423025
1274,0.9509356146536371
1275,1.1612929590941752
1276,1.1165896839291758
1277,1.2886332290139548
1278,1.0582434859737218
1279,1.1020942656310058
1280,0.996527583677067
1281,1.1118654157904015
1282,1.263703804848718
1283,1.0401177102667392
1284,1.0536012110115482
1285,0.9820672500903752
1286,1.0620859975304566
1287,1.2058739808099457
1288,1.275020437728731
1289,1.2857968131739974
1290,1.0003284786135316
1291,1.1067276771205918
1292,1.1400057503991077
1293,1.1903159271040322
1294,0.9833441542624343
1295,1.1081226407049956
1296,1.046575561301442
1297,1.181466613723492
1298,0.9558443552055903
1299,0.9966276656062539
1300,1.187296868527016
1301,1.1844673606726341
1302,1.1496525189599271
1303,1.155223626725142
1304,1.2710838711246866
1305,1.3077086686354575
1306,1.178525920205646
1307,1.083350014491376
1308,1.2065958498849803
1309,1.102206966835635
1310,1.0964610239475858
1311,0.9304313561868133
1312,1.1265302863792646
1313,1.322865014566739
1314,1.2095026215698232
1315,1.3035226669135995
1316,1.2628955403889162
1317,1.0715757222093125
1318,0.9457751695379314
1319,1.144456172316791
1320,1.2176981257600432
1321,1.0630683774347802
1322,1.2674592266691316
1323,1.1119861542600686
1324,1.2760515380794382
1325,1.170960976600354
1326,1.1706965973683245
1327,0.951588698417789
1328,1.0964249045528724
1329,1.247591451204567
1330,1.0261678329283535
1331,1.0666952868267332
1332,1.2428159105015468
1333,1.1848726389730007
1334,1.2820466367610122
1335,1.093165522146922
1336,1.3209646115863065
1337,1.2585159505625438
1338,1.1064745652988055
1339,1.1512041373980275
1340,1.1478678154795539
1341,1.0340266044397488
1342,1.0192091075252177
1343,1.029930847284739
1344,1.1248806030558751
1345,0.9987914987595076
1346,0.942807206274984
1347,1.070167105714504
1348,1.1059053010118034
1349,1.1104342712279527
1350,0.9487551224306349
1351,0.9179394556957263
1352,1.1258562476230636
1353,0.8117394522635519
1354,1.0498922801510133
1355,0.8139937365298263
1356,1.1641252135982527
1357,1.127779593827611
1358,1.1822695008642397
1359,1.1388096984937
1360,1.0685585368285682
1361,1.1869429197008055
1362,1.198359850254716
1363,1.0492138462397635
1364,1.292077123034904
1365,1.1265096807249626
1366,1.2299662033330518
1367,1.333942112008327
1368,1.0952661052441743
1369,1.00004813810592
1370,1.0134253042098171
1371,0.9083690530044505
1372,1.2229628443956027
1373,1.054531049415262
1374,1.1110572181301448
1375,0.9010072837706696
1376,1.1725505478879947
1377,1.144874387996678
1378,1.0086055924942325
1379,1.1357154170446724
1380,1.2622138282215225
1381,1.0889961351412953
1382,1.040260546015606
1383,1.1270723544052035
1384,1.3995821660559118
1385,1.203808074564281
1386,1.1651816204052219
1387,0.9809692219327061
1388,1.1664354730236695
1389,1.2480223511342925
1390,1.1485132822111237
1391,1.2641421684955043
1392,1.1538328874774675
1393,1.2250311607360351
1394,1.175321776927151
1395,1.1393105688352763
1396,1.0067012349084954
1397,1.0599938272243117
1398,1.3568855678193836
1399,1.0648168415442858
1400,1.0651254493795728
1401,1.3039151268759355
1402,1.020118018218088
1403,0.8950904877516411
1404,1.1680838044576407
1405,1.1986195660432424
1406,0.9837375330023569
1407,1.105384276096336
1408,1.2582182077681643
1409,1.0151976359436254
1410,0.9075442009455252
1411,1.192369809749962
1412,1.2119132524502327
1413,1.0732362117893892
1414,0.9829784897814126
1415,1.1258185366904687
1416,1.1020716284027108
1417,1.1396642935494894
1418,1.184112674485693
1419,1.2403164902961223
1420,1.146867367588353
1421,1.0247030962000276
1422,1.0933674396394868
1423,0.9882498484498762
1424,1.083208922974375
1425,0.9558936188746446
1426,1.1410678127463485
1427,1.1745419036803488
1428,1.2272114755672856
1429,1.2684221200515702
1430,1.2607844703577986
1431,1.1350045574537444
1432,1.2771787081803798
1433,1.1302775812549353
1434,1.0728370370983975
1435,1.192995518354096
1436,1.1526854151963302
1437,1.201731892541849
1438,1.1249021149790743
1439,1.2108357328033121
1440,1.0312641837540024
1441,1.1120856447016658
1442,1.2615741019021436
1443,1.0713435270503937
1444,1.066274577923227
1445,1.2147092289599546
1446,1.0462284249938807
1447,0.9740976759603787
1448,1.2167767154965659
1449,1.2155352701986848
1450,1.2497897767686408
1451,1.140111330881762
1452,1.3310986788378947
1453,1.290018699493864
1454,1.2452592550779555
1455,1.0020077209844138
1456,1.1639484661614925
1457,1.1392263069708153
1458,0.9751644664037499
1459,1.1870815446677474
1460,1.1567969963034361
1461,0.997173632067388
1462,1.2131528493159838
1463,1.3079712526221376
1464,1.0146636474985362
1465,0.9593373077755661
1466,1.267146364480308
1467,1.317570612769253
1468,1.0691443993559586
1469,1.222061157152683
1470,1.232287060309479
1471,1.2975622126341229
1472,1.2196082647052426
1473,1.2371801770911697
1474,1.1688574604859894
1475,1.2258198761667205
1476,0.9859629790020713
1477,1.0980320823603495
1478,1.2323672136963428
1479,1.0511784255029197
1480,0.9892757646137323
1481,1.007793249817086
1482,1.067818126355228
1483,1.1590186342836244
1484,0.9641334758660037
1485,0.9453732233960961
1486,1.176762195194239
1487,1.3392736524704092
1488,1.1752347390480997
1489,1.0521314669202186
1490,1.0775613196580176
1491,0.9458085438223146
1492,1.0646609369047026
1493,0.9891625495979169
1494,1.0247766547530213
1495,1.3068660303026975
1496,1.1128572047929524
1497,1.232068918787025
1498,1.0442563048266869
1499,1.070480179570247
1500,1.099060501379654
1501,1.1887165158943556
1502,1.0718067557387352
1503,1.1104678283854597
1504,1.1061040509665325
1505,0.9543366219621486
1506,0.998750576265952
1507,1.2460304709770371
1508,1.0716590625902884
1509,1.1160403244779875
1510,1.2464213490386498
1511,1.1481155893694184
1512,0.875319541047485
1513,1.16064758174022
1514,1.1024295860687068
1515,1.1516470300591912
1516,1.2115919231881267
1517,1.1295723184770172
1518,1.2916629625033802
1519,1.2496750204600588
1520,0.9892873613701084
1521,1.099648113427285
1522,1.1013880494719115
1523,1.1955599749734351
1524,0.901653059604441
1525,1.1351316957523023
1526,1.274575879608813
1527,1.1429157438028081
1528,1.0398771775541729
1529,1.1854678903368274
1530,0.9706007703750322
1531,0.9796096142824487
1532,1.025102577567162
1533,0.9879960942001899
1534,1.132557010441599
1535,1.167393129844657
1536,1.2244522808592233
1537,1.0050856604722966
1538,0.9677702420183186
1539,1.2346934800244704
1540,1.1316484995185752
1541,1.1472928410436465
1542,1.0058755352597255
1543,1.2706902275774938
1544,0.9195453318163795
1545,1.0987105232745549
1546,1.2778695032993785
1547,1.2090622519192538
1548,1.1654111882157587
1549,1.0939223017275905
1550,1.229193406775948
1551,1.1362530654650236
1552,1.21246153951147
1553,1.3073686385872105
1554,0.8669260518738002
1555,1.1443825697110404
1556,1.2178985055301115
1557,1.099537228567641
1558,1.1689754945522859
1559,1.1796779243945417
1560,0.923793915855525
1561,1.008272487342269
1562,1.0313455563371394
1563,1.0100865505841101
1564,1.1499069852332662
1565,1.0674793870003771
1566,1.1058636571258535
1567,1.2940284156903008
1568,1.1160478242150562
1569,1.0880464916659114
1570,1.2570086275443946
1571,1.2602383709125933
1572,1.242043058423559
1573,1.1806005455832587
1574,1.2503390400977104
1575,1.2614805990608504
1576,1.1063295200432113
1577,0.9277339434261376
1578,1.009694876997162
1579,0.8813435835860832
1580,0.9279719764210539
1581,1.014643846493008
1582,1.1975239933663309
1583,0.9091162984550256
1584,1.0880570949510866
1585,0.9875833500760828
1586,1.2281834159876124
1587,1.0956054624535132
1588,1.1369487392989663
1589,1.1567515817597531
1590,0.9472330686324747
1591,0.889323722897439
1592,1.345899846513535
1593,1.062207798181332
1594,1.0925661908557598
1595,1.2256008087720138
1596,1.1549534165785578
1597,1.0464364755324125
1598,1.072369353567309
1599,1.0182611412836189
1600,1.157591473479644
1601,0.8430179552117288
1602,1.1413803949452608
1603,1.0117012881206793
1604,1.0567936789870331
1605,1.2733387667742364
1606,0.9983369209742236
1607,1.2553911340152366
1608,0.9684928666639852
1609,1.2499629700236166
1610,0.8874876365320188
1611,0.9539806561467863
1612,1.0339137303194836
1613,1.1397640592385527
1614,1.3239610673505244
1615,1.271053325286958
1616,1.2359746724022256
1617,1.129572605851965
1618,0.9821970831472498
1619,1.1793748158286066
1620,1.365043741712225
1621,1.0236069802729415
1622,1.244135995004724
1623,1.1697238439753805
1624,1.2826493291977585
1625,1.1045862349102364
1626,1.1305176376526873
1627,1.222998633261084
1628,1.166833734446771
1629,1.0110630882612495
1630,0.9371029557189998
1631,1.1646382621250324
1632,1.174083578906043
1633,1.2361557933180376
1634,0.949987565712666
1635,1.1605933817631588
1636,1.0881205138519272
1637,0.9605012697194628
1638,1.089216106646743
1639,1.1264108161852349
1640,1.1823014360201478
1641,1.2173647714077274
1642,1.3172901311654464
1643,1.1361832592820331
1644,1.1743866897181579
1645,0.9984520450781037
1646,1.247025763730484
1647,1.0034764483026843
1648,1.1905415665181556
1649,0.9721215516332377
1650,0.8725592416828369
1651,1.201580482954856
1652,1.0990520256457716
1653,1.1358174198313407
1654,1.135675678740021
1655,1.0852687586745677
1656,1.0380619626905676
1657,1.0588563013204895
1658,1.2436201846330914
1659,1.2200415990889169
1660,1.0591133167057079
1661,0.9472559279774025
1662,1.1656748934544767
1663,1.0035127976479794
1664,1.090304204540403
1665,0.949236379981531
1666,1.0842456912902283
1667,1.2241627621980427
1668,0.8543518853901807
1669,1.1284492454492714
1670,0.9375438791481838
1671,1.1065562113170895
1672,1.2534411291292575
1673,1.129955040056657
1674,0.9879821422949991
1675,1.1782517051455468
1676,1.0238557523827256
1677,1.276547710456974
1678,1.2618332650967918
1679,0.9282537498581988
1680,1.0532392615659631
1681,1.2737499235039564
1682,1.2091730409056836
1683,0.978779906962027
1684,1.2590022681978885
1685,0.9065392575362569
1686,1.0421426165792131
1687,0.9318305734189536
1688,1.1559952238220736
1689,1.187429346503301
1690,1.1453251440572934
1691,1.2824252453224787
1692,0.9366668046827352
1693,0.8995420010607922
1694,1.0865682289779919
1695,0.9929775960947776
1696,1.1149110920397187
1697,1.0779808566205782
1698,1.2481466805283437
1699,1.0950336719807754
1700,1.282191114298902
1701,1.0156039387710516
1702,1.1409417793163046
1703,1.0506924789136631
1704,1.0913395402917696
1705,0.8987543875074696
1706,1.350435047373904
1707,1.150783833719371
1708,1.117098260514532
1709,1.0886365531652684
1710,0.9910438731028156
1711,0.9922334505545537
1712,1.2392415023108208
1713,0.9829214420443332
1714,1.1727218205391217
1715,0.9487774849578556
1716,1.1725534496441399
1717,1.3040523447468253
1718,1.113572221499783
1719,1.1358336338680926
1720,1.0457505222954726
1721,0.9979101583646045
1722,0.9784179095685736
1723,1.099144490705489
1724,1.1965349114468355
1725,1.1885839750694207
1726,0.9480309071459584
1727,0.9029631016150603
1728,1.1781361874297112
1729,1.1320641753698801
1730,1.1561343342679642
1731,1.0609142037898605
1732,1.1820461298461389
1733,0.9747823298234234
1734,1.022991858014624
1735,1.0230469118798888
1736,1.241028088976229
1737,1.0675399649500252
1738,1.0019918766655764
1739,1.1320433873210405
1740,0.9121979016444116
1741,1.1436335432657465
1742,1.351474712944615
1743,1.0860940947983115
1744,1.1689450450466454
1745,1.0380757106448546
1746,1.2426824244950256
1747,1.0265418965670365
1748,0.9612632708508089
1749,0.9627829818783904
1750,1.0683924309505497
1751,1.1209358743023414
1752,1.0681273927727841
1753,1.3194418096763618
1754,1.3063971133477912
1755,0.9855576062464534
1756,1.1662747082914282
1757,1.1721367287127684
1758,0.9237635184357186
1759,1.0751824061468338
1760,0.8572792488576981
1761,0.9954763736464748
1762,1.2295974586730418
1763,1.176419241664279
1764,1.1385864072036749
1765,1.1953604666072386
1766,1.063073996943055
1767,1.169043908927489
1768,1.0859709062664802
1769,1.094033731472821
1770,1.3222007513186194
1771,1.122960163094001
1772,1.1866565581377002
1773,1.069244423727718
1774,1.1851504026561233
1775,1.0912584853402172
1776,1.0825961984028356
1777,1.3359661230520898
1778,1.1849316335927629
1779,1.1031476870075254
1780,1.1674463393588579
1781,1.0829456547997625
1782,1.002386673057281
1783,1.151337159889191
1784,1.2625513879096864
1785,0.9843632715345173
1786,1.2155748107625448
1787,1.0519602117177898
1788,1.1396202781668938
1789,1.101675363248113
1790,1.2432536309346407
1791,0.8317269869568249
1792,1.2008569226824548
1793,1.319431670661508
1794,1.0588674472433612
1795,0.9046885241771239
1796,1.17704785487522
1797,1.0997010470089217
1798,0.9938729666977398
1799,1.2602060009291303
1800,1.0160692699586025
1801,1.193018887116991
1802,1.2488740380864884
1803,1.2548508829948037
1804,0.9035828724142329
1805,1.3151146026122769
1806,1.1621190202387286
1807,1.2473187445293719
1808,1.0202478129692274
1809,1.1688212716922948
1810,0.9254434587648135
1811,1.3463798228240438
1812,1.2045850820928368
1813,1.0827374291383607
1814,1.0785429309196646
1815,1.0101969214980921
1816,1.1561444314518163
1817,1.1088947385777952
1818,1.2975280952359411
1819,1.3293430533274773
1820,1.2618561362735954
1821,1.2426769979011008
1822,1.2642522698024696
1823,1.1557690398847997
1824,1.0979121829598242
1825,0.9962534168339002
1826,1.0501246463812404
1827,0.9874298182819049
1828,1.0825714448608803
1829,0.8979320902123736
1830,1.0008201678428597
1831,1.185559567061809
1832,1.1899860532013546
1833,1.076645978992751
1834,0.9467488753186295
1835,1.310391585776479
1836,1.1843758627708882
1837,1.1031148698127744
1838,0.882683558033348
1839,1.12350309410472
1840,1.0887708500628324
1841,1.1643602604606436
1842,1.051281935029765
1843,0.9605312297401497
1844,1.0446547087669011
1845,1.1972977051510152
1846,1.3095766360495609
1847,1.1165999339134176
1848,1.2981345575232583
1849,1.1491295538080184
1850,0.9058875367453866
1851,1.0177079578358983
1852,0.9583692459538699
1853,1.1830918087307438
1854,1.160466648519463
1855,0.8611586379288627
1856,0.8716446231714385
1857,1.2155853017113034
1858,0.9662448332479656
1859,1.2406173231934972
1860,1.001410774108633
1861,1.1953353530622821
1862,1.2412528044611673
1863,0.9929110868498582
1864,1.0172172964316308
1865,1.0845497681815162
1866,1.1503697327214266
1867,1.1394573472146257
1868,1.1836150472240639
1869,1.1432424681547024
1870,0.9357993037423882
1871,1.1300245110388163
1872,1.3398438200214158
1873,1.2031997495601376
1874,0.8636758305786747
1875,0.9543419503389875
1876,1.1615678077044445
1877,1.0446764027132707
1878,1.3360193258990023
1879,1.0675849317604462
1880,1.144129840148222
1881,1.2861263553919287
1882,1.2927778012510776
1883,0.9069785255294468
1884,1.290969998029344
1885,1.1669102484673353
1886,1.1045982662884013
1887,0.991859708110766
1888,1.1830351064981204
1889,0.9581293398487322
1890,1.1209395477946367
1891,1.0124505510193855
1892,1.2832319359699413
1893,1.2379404672815082
1894,1.2496756569493912
1895,1.104037173797459
1896,1.0143293755976126
1897,0.989991348172271
1898,1.221203416811505
1899,1.0714050777441284
1900,0.9125584339085004
1901,0.9777295817393529
1902,1.0908569355346027
1903,0.8718574961387665
1904,1.2614104803863242
1905,1.0606695854496313
1906,1.0481198301927401
1907,1.0262240168331074
1908,1.238389007321528
1909,1.1345207076488948
1910,1.3808255510405587
1911,0.9291102137250792
1912,1.0527276947181332
1913,1.229464132233379
1914,0.8134370763641918
1915,1.0997815158266295
1916,1.1467998626429217
1917,1.3640419317396324
1918,0.88592615078859
1919,1.0972956054100624
1920,1.025677736342733
1921,1.0685701565335495
1922,0.8378840512548642
1923,1.0877981572388888
1924,1.0398362078197683
1925,1.0893354824781731
1926,1.2209828797195938
1927,1.2823934085984212
1928,1.0391570777748864
1929,1.1277154142761017
1930,1.190740280202887
1931,1.1126420567286965
1932,1.185768330168604
1933,0.9303436784116866
1934,1.1134291685058115
1935,1.065908085452962
1936,1.0205421526119172
1937,0.9095375123489771
1938,1.0081265504303376
1939,0.9253355737222868
1940,0.9807894969314629
1941,1.0888781923201258
1942,1.12774874976086
1943,1.2184495630465038
1944,0.9473232517151877
1945,1.1125875773382963
1946,0.9536166872664891
1947,1.0557358022175403
1948,1.3039984388679078
1949,1.1539194032544184
1950,1.3551238794000997
1951,1.1945747536083866
1952,1.0177181916747373
1953,1.179955990357417
1954,1.0052684202207516
1955,1.1231313963966163
1956,1.015881458270095
1957,1.2198867569577838
1958,0.9652011989195806
1959,0.9165713683720382
1960,1.0642025331250267
1961,0.9245445562403015
1962,0.8183992519358393
1963,1.0602186238372284
1964,1.123973533631517
1965,1.1203614749612747
1966,1.021664805634145
1967,1.1234326390012201
1968,1.078085280045748
1969,1.0129281656625344
1970,1.1278027846882592
1971,0.9218958905241578
1972,1.1282639689604022
1973,1.1197539732727817
1974,1.329958555205292
1975,0.9189623174902943
1976,1.2800453542924854
1977,0.9948267545082422
1978,0.9114276928471691
1979,0.9089318134505958
1980,1.2076924933950446
1981,1.1422772079405386
1982,1.0343632642652074
1983,1.236026786870669
1984,1.0750250874524072
1985,0.8417753048371855
1986,1.2173704734072937
1987,0.9744729617791167
1988,1.1669068687163606
1989,1.0002001800027003
1990,1.0133037100791578
1991,0.9777891815552181
1992,0.9736288295048178
1993,1.211027142414352
1994,1.161803439734737
1995,0.9990241842047022
1996,1.2563243153580972
1997,1.2298572773857277
1998,1.1734962048300694
1999,0.9304978552177274
2000,1.154345494804664
2001,1.2690049071890996
2002,0.9664089743119015
2003,0.9783391887178817
2004,1.0259960899996639
2005,1.0180077713220097
2006,1.1317297246191647
2007,1.000787567336129
2008,1.0125993936152153
2009,1.0642258826702484
2010,1.076458315518086
2011,1.1872522899735007
2012,1.2702562584069197
2013,1.19167002110335
2014,1.1714028514123953
2015,1.2719448203140766
2016,1.1462020622043876
2017,1.2582373932288342
2018,1.0727818852676885
2019,1.1289811936695937
2020,1.1564423957147452
2021,1.0188913443352337
2022,1.1670794216051772
2023,1.0740816192356148
2024,1.1114258342109333
2025,1.257826459238248
2026,1.0202350543618355
2027,1.2287784433538325
2028,1.1918223257698868
2029,1.1782396724631643
2030,1.2262073174042505
2031,1.0115228115717483
2032,1.137779470372033
2033,0.9603567012590399
2034,1.2025785634945518
2035,0.8667820831833803
2036,0.905593766728801
2037,1.2523010551433034
2038,1.134952018574488
2039,1.1000505017605748
2040,1.0291731709468466
2041,1.3004545214212584
2042,1.321622773174933
2043,1.2037084235311792
2044,0.7921751461206876
2045,1.1234225186080886
2046,0.9550008924888246
2047,1.0174298476562456
2048,1.3222138553605856
2049,1.2555794702007317
2050,1.0951087260892982
2051,1.2892373534370312
2052,1.123365516674324
2053,1.0161351268230718
2054,1.2195335595324974
2055,0.9605257531904628
2056,1.0119016673847132
2057,0.9828599852889862
2058,0.9331885719545241
2059,1.219464423724204
2060,0.9969998466262789
2061,1.227256868331978
2062,0.9799088030608399
2063,1.06523999887226
2064,1.156406312281356
2065,1.00928277439569
2066,1.1037526528207953
2067,1.2002478667659506
2068,0.8253458071304297
2069,0.9461937058703436
2070,1.066206843678125
2071,1.2136132050658182
2072,1.188224167986629
2073,1.0394690258354866
2074,1.2758975361664957
2075,1.1363795623353354
2076,1.0623260396156202
2077,1.1604179157685461
2078,0.9651488010757283
2079,1.064126983466231
2080,1.2858102414126469
2081,1.150778848638871
2082,1.155759887686354
2083,0.9521326188979946
2084,1.1646773528645338
2085,1.1831794076913527
2086,1.1814083659662726
2087,1.2807687569246844
2088,0.9504763025680405
2089,1.1633724437772224
2090,1.253203615591028
2091,1.227380653151255
2092,0.9347553712303537
2093,0.9145852265422242
2094,1.053214529229452
2095,0.8984040290682127
2096,1.0647202507712814
2097,1.0944023702829262
2098,1.3006095248047398
2099,1.2185802298344446
2100,1.2237440462350584
2101,1.1725270572002073
2102,1.079312169517082
2103,1.1018664078152396
2104,1.0677536603036923
2105,1.0275794265520601
2106,0.999100866655161
2107,0.9871728982335858
2108,1.2755112588024415
2109,1.1899153695493956
2110,1.2070044277427403
2111,1.0129064172593476
2112,0.9979491247066773
2113,1.2133286367671934
2114,1.2309158821325914
2115,1.28349675555069
2116,1.0642513395790227
2117,1.1813718865097016
2118,1.264021103375185
2119,1.0811638691327405
2120,1.3287599976621403
2121,1.049496859092708
2122,1.0142041597298141
2123,1.1639058813034988
2124,1.2367847634471447
2125,1.0120640045825837
2126,1.174157804596486
2127,0.9774235691638574
2128,1.2383509500972902
2129,1.0462481321783885
2130,1.308549967435452
2131,0.8079757131971119
2132,1.1181682968281166
2133,1.1874371687833216
2134,1.3027505654244762
2135,1.3158641556216675
2136,0.8922773597733721
2137,1.365669346624442
2138,1.1810786319419107
2139,1.042995514555297
2140,1.0068888756620344
2141,1.0829585942502864
2142,1.2981785913479333
2143,1.1422534683781822
2144,1.1254891045887159
2145,1.0622525734097197
2146,1.030860758413632
2147,1.0627352754050792
2148,1.1018016131362383
2149,1.219145644685998
2150,1.28883711253286
2151,1.26054074679451
2152,1.098443704313568
2153,1.0641454225283362
2154,0.9452291921588452
2155,0.9453874662157783
2156,1.280498744235739
2157,0.8770535987522613
2158,1.1148392379720686
2159,0.8775134685023992
2160,1.0977634514845782
2161,1.0020356697113848
2162,0.9847729902297103
2163,0.9541275135967532
2164,1.0432565866445715
2165,1.072870742660803
2166,1.0756846453927906
2167,1.2392724657856387
2168,1.0051521370671157
2169,0.9902632954290301
2170,1.0868711704233704
2171,1.1097928090447264
2172,1.2151737715262731
2173,0.8940956107778936
2174,0.9789058838070771
2175,1.0170674068668357
2176,1.270250606194966
2177,1.2793566379405332
2178,1.2826061571560743
2179,1.1787525177018292
2180,1.0830926961149099
2181,1.132254035488172
2182,1.0248227444426647
2183,1.210946587318054
2184,1.0014845445097391
2185,1.2534189533704372
2186,1.0443474631313712
2187,1.1011388649163947
2188,1.3014696609989844
2189,1.2459289759116494
2190,1.2456461275404886
2191,1.0617576084276314
2192,0.9061914760912114
2193,0.9927000628050778
2194,1.070772584360021
2195,1.0829186716271493
2196,1.0110083007147455
2197,1.1255922332796047
2198,1.24201356673997
2199,1.1052484976023456
2200,0.8742846699321303
2201,1.0499483990409813
2202,1.0159580523997263
2203,0.9694378914327483
2204,1.160210482737042
2205,1.0340115705754633
2206,1.2141147122827651
2207,1.0457787319024305
2208,0.9030343929826627
2209,1.311154857188627
2210,0.8640449281443235
2211,1.0533880041468153
2212,1.1727301739471256
2213,1.102796709115525
2214,1.0063550228479152
2215,1.1839310815118327
2216,0.9601621610608196
2217,1.101609677682954
2218,1.0819021203875265
2219,1.2356676941489777
2220,1.078141195521034
2221,1.0140482309595211
2222,1.0117076155566682
2223,1.2300741862955595
2224,1.1313515596024017
2225,0.9628044316816874
2226,1.075156570028832
2227,1.1104494118170445
2228,1.0816028523741719
2229,1.1700022074026886
2230,0.9554903477270312
2231,1.2745985014958814
2232,1.178950996192035
2233,1.0335100035906812
2234,1.227315720957614
2235,1.2104519024896963
2236,1.311729363763261
